N,P,K,temperature,humidity,ph,rainfall,label
102,38,142,30.49,72.34,4.14,219.94,apple
92,107,109,37.98,62.69,6.37,101.93,papaya
14,110,179,27.27,95.52,4.75,110.25,grapes
106,24,45,13.78,51.7,5.38,142.64,pigeonpeas
71,127,24,27.45,75.51,5.39,106.09,maize
20,110,20,32.99,59.15,5.88,295.78,banana
102,135,120,22.19,61.01,5.34,247.93,rice
121,105,121,36.4,41.42,4.43,66.1,grapes
74,143,132,29.46,56.4,4.58,21.57,pigeonpeas
87,71,69,36.98,57.66,4.13,31.98,papaya
116,128,112,28.71,76.53,5.88,88.34,watermelon
99,107,106,13.94,95.25,7.82,52.0,grapes
103,4,111,19.29,46.35,4.46,169.33,mungbean
130,2,107,16.05,23.38,7.79,260.24,blackgram
149,131,46,37.26,59.7,6.93,226.29,papaya
52,103,195,32.81,63.56,6.55,80.37,mungbean
1,63,90,30.29,33.48,6.58,131.8,cotton
87,105,17,19.03,80.84,7.31,162.21,orange
37,97,148,15.52,98.79,4.43,246.86,apple
129,9,103,32.69,95.66,6.02,254.95,banana
20,148,150,24.22,35.77,6.79,274.72,coconut
57,127,191,16.77,90.03,6.35,162.59,rice
21,45,194,28.5,76.36,7.33,214.4,jute
88,65,39,11.21,56.31,4.29,51.3,blackgram
48,111,137,19.79,63.25,6.76,178.28,rice
58,12,88,24.06,87.97,6.14,89.63,lentil
14,136,179,14.44,58.41,5.52,140.88,coconut
50,85,199,39.54,49.86,5.36,197.53,jute
107,89,60,16.27,59.46,6.48,91.96,lentil
54,57,191,13.91,66.33,7.56,34.61,jute
63,53,4,16.11,35.13,5.98,22.87,pomegranate
130,11,121,33.07,92.07,7.3,26.2,wheat
50,13,180,22.77,73.93,5.61,22.34,sugarcane
134,120,54,26.96,70.66,4.41,50.9,banana
20,120,36,10.63,27.96,4.25,87.06,rice
72,19,55,11.03,68.33,4.21,81.94,cotton
17,74,186,23.37,29.68,5.52,296.3,blackgram
131,143,101,34.5,26.3,5.35,105.68,cotton
88,69,92,36.56,62.18,6.87,55.68,mango
59,55,196,12.6,52.22,6.97,172.76,rice
13,100,72,26.15,67.1,4.2,260.23,pomegranate
8,131,58,37.4,27.14,4.88,209.86,kidneybeans
89,110,1,21.64,54.48,5.1,102.9,muskmelon
52,124,192,34.89,33.98,6.19,177.25,coconut
129,131,103,14.01,98.97,4.58,220.16,mothbeans
83,19,187,38.06,64.89,4.54,223.87,pigeonpeas
91,137,50,32.54,74.99,7.78,206.63,pigeonpeas
110,23,29,38.24,46.03,7.22,263.83,papaya
7,36,10,30.3,27.58,4.72,263.63,chickpea
34,53,107,20.9,98.07,5.63,182.1,coffee
80,102,75,38.15,42.9,5.42,140.36,maize
49,148,166,18.27,53.9,7.16,199.64,kidneybeans
103,37,89,19.97,71.99,6.04,249.1,papaya
131,3,122,31.02,21.98,4.51,21.58,lentil
1,56,199,32.96,84.82,6.96,297.76,coconut
133,19,190,37.88,62.93,5.59,71.21,pomegranate
53,16,191,16.14,42.26,5.05,151.67,coffee
105,118,188,33.94,24.93,5.5,264.17,muskmelon
3,70,124,32.16,33.0,5.99,83.01,rice
53,3,181,11.91,91.6,5.37,153.5,banana
145,13,121,21.62,74.88,4.97,57.12,watermelon
43,2,93,18.48,39.99,5.59,130.62,pomegranate
13,79,102,19.13,25.25,4.08,69.6,coconut
94,54,185,39.49,75.25,7.09,121.82,wheat
47,131,183,29.28,65.79,4.68,124.57,jute
14,119,161,31.53,52.36,4.18,298.09,apple
39,23,30,39.3,49.09,6.61,298.55,blackgram
81,81,51,21.32,37.35,7.1,52.14,maize
110,146,88,34.06,73.57,7.26,223.27,sugarcane
52,59,75,23.04,97.65,5.97,34.49,mungbean
23,146,128,36.09,34.06,4.82,28.45,coconut
123,48,182,15.42,67.77,6.95,49.49,mungbean
40,62,21,38.43,53.93,6.8,290.34,muskmelon
14,109,39,16.56,55.74,4.99,283.44,blackgram
44,149,100,19.79,40.33,7.61,74.3,watermelon
64,108,110,32.69,86.01,4.42,65.27,rice
88,75,128,21.81,58.82,7.93,87.35,grapes
70,29,64,28.25,63.47,7.44,164.35,chickpea
8,57,190,23.34,44.38,6.75,179.52,jute
87,116,181,32.27,34.54,7.75,82.05,mothbeans
128,99,169,16.85,26.87,6.89,231.85,coconut
135,18,148,11.75,77.13,4.76,106.67,muskmelon
62,93,78,19.0,35.7,5.77,278.2,kidneybeans
138,112,21,24.23,75.21,4.29,203.88,jute
80,145,165,15.04,51.23,5.56,142.18,chickpea
135,62,98,20.64,53.26,6.97,241.18,kidneybeans
32,115,7,22.0,57.53,5.55,249.02,pigeonpeas
122,112,189,11.72,49.42,5.32,101.33,papaya
4,46,174,27.5,28.05,6.38,115.12,pomegranate
40,56,16,36.53,44.77,7.49,282.07,blackgram
27,117,16,14.55,73.1,4.19,66.13,mango
134,44,89,27.93,73.26,5.54,31.8,coffee
71,144,140,29.94,42.9,4.63,147.14,chickpea
11,3,144,22.58,56.81,6.78,244.34,papaya
32,147,165,31.03,35.48,4.42,236.07,sugarcane
47,46,80,22.32,36.83,6.66,277.47,blackgram
61,142,77,25.14,21.84,5.14,169.3,rice
36,46,172,10.22,91.74,4.8,48.02,watermelon
98,77,5,30.75,36.86,7.75,184.83,coffee
103,123,162,29.84,38.2,4.07,237.95,sugarcane
34,74,109,11.15,42.37,5.75,46.13,grapes
100,102,13,21.05,30.19,4.09,68.34,mango
130,136,71,39.37,71.14,5.93,23.44,chickpea
0,89,188,22.62,26.01,6.0,186.22,papaya
4,143,142,25.06,30.74,5.29,268.29,jute
141,68,53,37.3,71.58,4.53,207.79,grapes
102,60,26,31.52,47.17,5.51,294.97,muskmelon
26,137,12,27.46,76.64,6.69,37.65,pomegranate
136,49,158,33.93,64.59,7.13,272.84,rice
14,2,162,35.93,40.48,6.12,247.94,mothbeans
89,106,59,23.71,72.07,6.36,107.99,lentil
41,112,5,24.25,29.3,4.8,292.59,pomegranate
123,93,196,21.58,62.91,5.15,100.62,muskmelon
62,117,57,39.0,54.97,4.65,269.01,lentil
95,80,48,30.91,41.43,5.0,266.61,sugarcane
51,108,150,12.5,68.32,4.9,232.14,watermelon
95,50,161,35.89,89.71,6.08,177.77,banana
131,146,25,24.42,99.91,6.25,53.6,mungbean
142,34,46,12.06,68.62,7.78,168.95,wheat
28,45,4,26.49,52.38,4.78,119.9,maize
35,68,19,22.51,38.02,6.57,241.82,watermelon
12,92,133,36.33,40.57,7.27,232.28,mothbeans
70,63,197,16.12,58.36,6.24,274.97,pigeonpeas
85,48,58,34.79,49.38,5.02,24.15,pigeonpeas
27,148,191,26.73,93.11,5.05,246.55,coconut
65,73,145,11.64,49.46,4.16,282.77,coconut
44,4,131,39.16,49.88,5.22,241.0,mothbeans
61,99,16,25.38,50.68,6.98,56.45,pomegranate
133,69,13,18.73,86.93,4.19,42.76,sugarcane
27,89,12,24.08,72.06,4.88,25.84,watermelon
27,3,134,35.74,69.13,6.82,196.05,orange
107,125,127,19.15,46.73,7.13,196.31,chickpea
43,38,43,15.78,85.43,5.82,296.34,rice
83,128,118,13.87,23.07,6.79,131.45,pomegranate
29,23,142,18.94,89.66,5.55,112.93,chickpea
74,56,18,33.4,61.02,4.64,194.84,pigeonpeas
127,99,62,24.15,51.86,5.59,251.17,coconut
91,69,162,16.82,59.77,6.32,282.3,pomegranate
128,40,80,14.99,73.39,7.79,244.87,apple
120,59,162,19.98,21.02,4.28,139.47,rice
26,107,146,38.2,89.72,6.03,197.78,mothbeans
120,56,147,20.29,55.74,5.32,259.76,lentil
115,30,99,39.64,47.44,6.03,157.37,pigeonpeas
2,83,162,24.56,31.06,4.1,80.67,watermelon
102,35,159,15.37,55.16,5.25,67.52,pomegranate
136,107,121,36.73,59.71,7.28,20.04,maize
61,105,175,23.81,52.29,6.22,221.11,pigeonpeas
50,85,43,31.29,74.29,5.8,51.11,rice
58,134,103,39.51,53.67,5.14,88.27,pomegranate
117,13,151,11.51,96.91,5.19,103.41,coffee
95,119,60,12.9,67.94,5.53,176.91,lentil
112,137,124,31.61,84.6,7.34,131.43,chickpea
61,79,144,18.45,28.75,7.87,208.91,muskmelon
51,143,70,15.53,51.78,5.75,35.58,kidneybeans
11,105,106,11.18,46.95,5.57,54.7,grapes
38,69,49,10.66,65.56,7.39,159.78,mothbeans
129,43,64,33.23,88.89,5.71,114.35,cotton
130,72,98,14.03,26.27,6.21,102.83,orange
112,44,31,24.03,25.81,4.92,38.77,sugarcane
100,106,163,28.18,88.03,6.97,270.8,pigeonpeas
112,83,140,22.85,37.03,6.13,213.71,muskmelon
80,81,197,10.81,73.5,7.24,54.05,blackgram
112,106,57,33.51,63.43,7.12,38.21,pigeonpeas
1,20,127,10.32,86.63,4.86,292.96,wheat
129,6,141,32.86,30.01,6.86,210.73,grapes
53,69,164,36.8,30.38,7.2,136.89,rice
86,126,111,22.99,64.55,5.38,216.48,rice
128,142,67,26.07,95.71,4.69,231.77,mungbean
146,147,39,24.31,53.2,4.01,238.39,coffee
125,142,186,21.68,46.16,5.8,153.81,pigeonpeas
129,148,143,36.62,68.54,5.41,140.37,watermelon
52,119,189,36.82,94.44,6.22,23.09,muskmelon
67,127,131,20.07,86.95,4.75,279.44,jute
122,141,172,28.45,99.64,7.44,188.93,orange
144,56,89,37.81,21.81,5.03,76.88,wheat
37,57,27,38.86,29.03,4.91,277.49,papaya
23,20,95,25.27,68.76,5.92,276.18,mungbean
68,81,193,23.58,85.65,6.0,296.97,coffee
115,68,30,18.36,42.82,4.86,264.74,papaya
97,130,2,38.77,39.14,5.09,299.38,coconut
138,86,135,14.28,82.96,4.68,88.51,cotton
143,48,23,27.39,24.51,6.87,255.83,mungbean
96,146,14,18.48,49.55,7.08,250.45,blackgram
123,114,170,18.37,60.46,5.85,84.66,grapes
69,88,158,22.15,64.83,6.86,47.56,papaya
92,84,44,39.96,78.29,6.94,294.24,wheat
2,127,193,11.65,48.39,4.55,102.89,banana
147,139,7,27.36,69.01,7.86,263.85,lentil
146,116,70,12.48,66.83,7.28,21.16,sugarcane
89,126,107,14.64,63.81,4.82,25.89,rice
146,70,114,23.19,71.24,4.74,150.44,coffee
147,85,102,25.31,40.76,4.5,86.84,blackgram
95,32,124,17.76,26.77,4.55,213.16,jute
51,80,56,19.49,29.54,6.99,178.36,mango
127,60,29,12.61,37.97,5.88,41.7,maize
38,60,145,19.1,60.02,7.13,65.54,muskmelon
81,97,113,39.0,87.24,6.99,128.65,jute
103,27,196,38.34,76.1,6.42,71.97,wheat
128,42,116,20.05,83.12,6.75,241.82,papaya
10,85,166,27.13,48.08,4.07,136.5,orange
41,16,59,37.29,52.37,5.25,46.16,muskmelon
98,97,97,10.19,51.49,6.55,155.62,cotton
6,97,170,34.32,35.35,4.04,45.43,cotton
143,64,125,38.45,24.9,4.13,56.1,lentil
89,73,172,12.74,67.27,7.41,87.09,chickpea
111,84,150,14.84,99.14,6.74,260.67,cotton
59,4,196,38.82,33.35,5.06,278.89,coconut
112,1,93,26.13,23.73,6.75,251.35,papaya
1,21,133,10.43,82.36,7.17,113.54,cotton
128,111,183,17.73,40.21,5.23,96.29,blackgram
47,56,121,23.5,86.37,4.14,173.76,rice
139,65,107,30.79,76.31,7.73,222.12,wheat
36,73,3,31.99,95.65,5.38,298.14,wheat
8,97,92,39.86,52.71,4.43,56.84,muskmelon
98,143,150,18.63,72.96,5.97,33.8,coconut
146,111,5,26.15,57.19,7.07,214.42,pomegranate
47,124,31,26.0,70.45,4.89,253.02,mango
130,85,105,22.17,55.97,5.08,256.98,mothbeans
147,75,145,15.07,35.09,4.97,209.97,grapes
53,87,14,39.32,60.63,7.97,287.12,kidneybeans
119,37,167,35.6,62.29,4.79,163.08,grapes
115,58,121,24.95,84.85,6.3,275.87,orange
74,137,95,28.1,78.84,7.7,290.99,rice
112,98,5,16.82,73.1,4.59,257.2,pigeonpeas
103,62,111,26.31,29.07,7.88,106.73,wheat
83,48,119,30.85,77.65,7.79,74.94,orange
111,31,122,25.46,60.02,7.54,173.47,papaya
98,134,190,39.71,91.53,4.86,146.84,mungbean
92,20,66,28.34,93.59,6.54,265.77,apple
145,19,105,21.13,24.41,7.04,48.01,blackgram
127,126,138,33.16,85.65,7.94,92.17,mango
109,67,42,15.11,23.02,4.72,230.5,watermelon
81,109,144,21.54,49.37,7.06,46.6,coconut
53,115,95,20.41,63.38,5.36,109.81,banana
67,142,131,22.95,31.85,4.7,128.4,mango
32,119,190,33.45,79.71,5.69,194.33,grapes
141,78,195,24.53,20.67,7.18,64.28,blackgram
20,115,80,33.82,33.49,5.86,260.97,rice
47,91,40,27.29,66.46,6.15,145.31,lentil
147,13,132,20.26,77.15,7.98,276.77,maize
127,124,159,34.3,93.33,5.6,151.0,watermelon
135,57,197,17.15,76.44,6.46,97.01,grapes
134,27,34,16.73,73.74,5.46,59.71,apple
144,25,21,25.14,51.55,5.57,21.05,maize
127,112,192,17.83,20.1,6.78,169.0,kidneybeans
32,65,149,10.27,29.61,7.75,50.0,mango
114,130,111,29.45,62.76,6.17,129.68,apple
118,43,10,25.33,74.01,7.07,185.0,pomegranate
21,96,2,23.37,53.4,4.36,97.19,chickpea
37,41,136,39.01,78.45,4.84,69.06,kidneybeans
108,5,59,27.14,61.75,6.01,236.92,mothbeans
50,22,75,35.9,25.93,4.08,285.1,sugarcane
7,88,86,14.18,35.36,5.01,48.12,pigeonpeas
26,122,13,27.08,87.2,6.07,63.57,papaya
26,146,17,36.04,77.99,4.06,288.8,chickpea
20,50,112,27.49,91.58,5.06,30.58,pomegranate
29,10,72,31.54,29.4,6.06,293.74,banana
96,11,22,21.16,99.22,6.29,21.3,coconut
27,73,82,12.77,36.75,7.7,264.63,watermelon
110,7,124,23.74,20.94,6.58,106.05,jute
60,40,174,21.83,99.79,5.66,282.8,banana
47,84,68,36.01,42.49,7.72,108.74,jute
146,71,46,17.32,73.44,7.14,203.21,kidneybeans
3,54,115,39.0,34.13,4.8,42.41,wheat
34,136,29,38.74,66.42,4.52,87.85,coffee
48,46,24,17.43,92.32,6.7,236.63,mothbeans
16,142,155,20.44,45.61,6.24,168.03,orange
45,103,111,36.87,73.62,7.16,279.83,coffee
116,41,24,39.0,35.03,6.96,140.05,coconut
5,59,73,23.3,69.98,6.5,263.55,grapes
98,11,57,19.63,46.92,7.95,145.71,coffee
123,129,93,25.78,36.9,6.13,294.19,pomegranate
36,6,118,30.63,45.05,4.45,288.75,banana
23,79,126,18.2,34.31,7.31,112.16,mothbeans
92,130,168,32.09,92.15,5.01,268.06,maize
45,108,24,11.55,51.77,7.11,257.33,rice
94,2,77,11.48,39.62,7.83,78.99,banana
98,26,98,21.59,55.87,6.79,194.8,apple
115,113,115,20.6,45.64,6.38,40.35,chickpea
66,106,47,19.47,79.55,5.84,254.28,pigeonpeas
127,39,9,24.73,97.7,5.46,68.87,muskmelon
17,128,98,19.62,55.04,5.41,39.83,muskmelon
24,7,10,15.77,88.88,6.55,132.06,kidneybeans
53,100,84,19.28,65.27,7.01,181.54,sugarcane
57,123,148,39.25,32.58,6.71,259.38,kidneybeans
66,106,172,22.33,75.25,4.79,292.79,blackgram
103,100,134,23.34,61.07,5.98,143.06,mungbean
23,3,191,27.3,72.05,7.17,36.93,orange
113,109,125,39.5,91.17,5.9,229.75,muskmelon
31,18,63,17.25,55.23,6.15,178.25,pigeonpeas
85,31,1,30.44,92.09,7.08,145.41,grapes
126,136,75,31.48,80.05,6.65,106.6,kidneybeans
129,11,120,28.22,59.09,5.64,160.67,coffee
16,138,41,12.66,68.26,7.58,114.83,orange
103,45,53,30.31,46.05,4.65,231.96,coffee
136,118,74,11.92,98.69,7.98,172.29,orange
42,15,15,27.88,73.39,4.48,265.52,watermelon
38,128,17,32.19,23.51,4.06,172.19,watermelon
25,62,186,16.33,46.13,7.56,86.71,orange
98,108,89,35.25,69.87,4.98,258.31,blackgram
49,118,143,10.91,24.51,6.92,176.02,maize
12,20,5,35.31,21.91,7.24,77.92,grapes
59,12,184,23.81,56.0,7.44,194.58,coffee
134,3,107,16.53,46.62,7.97,120.16,apple
56,101,174,14.01,55.06,5.18,256.43,apple
35,58,47,38.6,41.02,6.84,146.92,mothbeans
19,127,41,12.18,33.18,4.46,223.4,coffee
64,26,75,15.97,75.13,5.63,46.75,wheat
7,68,187,20.43,61.17,7.39,130.89,kidneybeans
143,24,76,28.61,36.01,5.47,295.31,chickpea
141,130,131,26.34,45.57,6.36,246.37,mothbeans
114,96,129,13.77,67.34,6.02,64.78,kidneybeans
142,24,58,18.69,25.78,6.58,97.77,papaya
91,147,154,17.16,31.8,7.89,112.35,mothbeans
97,125,26,16.41,25.86,4.22,202.1,pigeonpeas
65,132,78,22.33,84.99,6.3,231.96,lentil
31,8,71,31.12,80.19,7.45,229.87,banana
85,115,6,16.52,80.27,5.93,162.76,mothbeans
50,133,190,21.0,77.31,4.31,247.03,apple
62,59,110,21.73,73.55,6.24,142.38,coconut
124,120,118,39.29,58.16,5.33,54.69,banana
149,138,173,38.64,71.38,4.62,178.04,jute
57,107,62,34.0,23.07,7.4,286.64,muskmelon
57,107,123,17.25,69.72,6.09,242.04,wheat
85,130,11,12.04,82.23,7.73,182.04,lentil
48,75,140,19.51,60.03,7.22,201.11,wheat
69,29,42,18.0,48.6,6.77,280.56,coconut
14,20,16,25.18,42.19,4.02,139.94,coconut
53,33,62,33.33,71.42,5.71,112.79,wheat
100,40,119,35.75,75.42,4.79,293.63,lentil
7,50,35,35.35,89.68,7.64,261.76,sugarcane
52,81,7,20.79,47.39,4.7,110.45,kidneybeans
59,57,68,30.62,81.58,5.14,149.86,pomegranate
107,74,89,19.39,64.91,6.07,136.22,lentil
4,22,35,11.83,90.63,5.05,61.75,coconut
102,127,27,31.05,62.22,4.84,288.19,muskmelon
5,149,117,10.29,61.41,6.4,133.21,coconut
108,16,92,22.28,66.23,4.36,265.09,maize
115,68,174,19.88,79.95,4.23,73.02,pomegranate
93,107,75,30.8,97.18,5.49,173.4,coconut
46,138,100,32.99,25.89,6.88,26.71,orange
98,93,157,19.12,24.27,6.22,233.98,cotton
54,14,150,34.35,95.0,5.69,182.66,wheat
51,90,143,18.82,62.39,6.26,195.17,jute
143,32,13,23.39,69.19,5.46,34.48,maize
12,124,70,31.81,58.59,7.74,79.09,coconut
113,15,179,30.79,27.49,4.22,40.81,orange
123,65,123,39.62,81.45,6.69,100.9,papaya
105,46,124,16.75,79.78,7.57,195.68,orange
146,147,36,29.87,44.94,7.22,178.53,maize
144,123,28,28.29,44.5,4.74,191.4,coconut
119,0,194,37.45,87.03,5.18,173.79,rice
62,86,142,14.69,25.79,6.87,96.45,banana
18,127,174,32.55,90.49,4.34,88.46,pomegranate
91,66,173,27.05,40.53,7.25,58.38,pigeonpeas
57,3,179,18.24,67.44,6.88,257.74,apple
89,46,18,24.23,94.88,6.92,192.61,wheat
116,37,105,20.01,74.25,4.4,72.22,pigeonpeas
61,142,20,27.38,53.15,6.87,69.62,wheat
22,20,63,36.67,75.16,6.72,264.45,sugarcane
126,56,164,27.08,47.52,7.32,227.96,mango
136,116,26,28.95,42.18,4.17,204.63,kidneybeans
139,45,54,25.56,99.73,4.09,133.92,sugarcane
128,141,28,11.53,80.06,5.49,93.35,mothbeans
57,144,147,16.99,71.58,4.6,294.25,coconut
121,38,24,24.76,48.42,6.23,243.23,lentil
0,136,69,19.31,23.93,7.67,104.5,mango
33,98,62,15.45,22.48,5.57,257.32,muskmelon
95,76,163,25.12,64.33,7.38,232.5,apple
125,114,129,19.68,80.96,4.0,103.18,grapes
117,133,149,17.74,62.99,4.67,139.43,jute
47,90,15,23.92,87.26,4.12,72.07,wheat
88,97,145,14.0,22.67,5.31,51.09,mungbean
116,119,196,37.83,49.34,7.63,222.37,sugarcane
128,45,181,36.03,38.97,4.39,94.9,cotton
15,37,99,31.23,55.78,6.43,249.62,kidneybeans
68,141,29,13.19,25.79,5.81,298.77,banana
21,99,44,33.28,96.33,7.75,41.45,blackgram
92,71,18,34.24,37.86,4.49,152.45,mothbeans
75,34,33,33.03,93.78,4.85,244.58,pomegranate
143,146,140,13.42,54.07,4.12,240.91,mungbean
85,29,170,29.32,98.84,5.74,232.8,mungbean
28,77,61,35.03,64.32,5.11,117.72,kidneybeans
68,83,117,27.32,94.47,7.48,147.08,chickpea
46,112,99,29.39,20.43,6.42,186.59,wheat
93,24,21,23.75,79.86,6.46,292.7,mungbean
143,87,179,25.86,92.24,6.13,111.71,kidneybeans
84,13,179,11.03,31.18,4.37,278.48,grapes
38,101,110,29.17,27.69,5.78,95.42,cotton
99,149,163,12.44,53.97,8.0,296.94,orange
32,82,72,23.05,94.69,7.34,207.67,mungbean
100,109,146,18.78,63.39,7.57,149.78,orange
22,130,37,26.36,62.2,7.29,191.75,kidneybeans
9,18,69,14.0,31.29,4.41,96.31,banana
68,27,115,30.75,20.06,4.91,96.77,chickpea
99,70,78,33.85,84.81,4.01,51.8,banana
33,62,184,14.9,27.01,5.21,51.93,chickpea
137,72,147,13.13,70.71,4.43,117.35,mango
146,123,8,14.37,93.17,5.89,233.6,rice
95,118,31,36.31,36.69,6.71,190.23,kidneybeans
0,120,131,25.85,73.22,7.5,48.72,watermelon
68,18,49,24.02,26.3,7.0,258.63,rice
3,141,81,13.2,68.3,7.75,188.38,watermelon
15,119,4,29.49,33.11,4.22,289.04,grapes
23,60,147,36.04,78.88,4.05,207.65,grapes
79,29,86,34.85,44.1,6.65,69.05,wheat
1,8,125,28.78,57.07,5.16,152.66,muskmelon
127,63,74,12.26,67.95,5.01,201.58,orange
83,119,164,13.37,33.7,5.32,27.91,mango
139,51,21,11.48,79.33,5.08,24.17,coffee
123,88,185,17.72,44.21,6.05,56.23,sugarcane
32,141,67,14.07,72.99,5.76,90.47,watermelon
100,52,43,17.8,32.66,6.05,140.27,mango
11,77,33,21.55,75.05,6.69,156.48,papaya
66,40,76,38.29,30.26,5.55,58.65,kidneybeans
64,67,41,28.31,54.03,5.01,208.55,watermelon
73,7,136,35.05,39.78,4.66,186.92,coconut
42,1,105,31.31,79.87,5.4,102.45,grapes
43,104,94,13.38,40.96,6.97,23.82,sugarcane
28,124,134,32.08,90.54,7.03,41.74,papaya
140,109,67,18.25,91.35,6.67,129.67,banana
11,85,146,29.17,35.72,4.94,63.11,mothbeans
94,119,158,20.23,69.11,6.35,125.51,lentil
45,126,127,39.93,27.02,6.28,195.89,mango
129,15,162,17.91,51.32,5.94,173.23,coconut
34,61,184,18.37,77.07,6.2,84.73,watermelon
80,112,84,37.92,72.75,5.97,116.27,muskmelon
89,11,188,10.74,69.98,6.26,191.93,banana
7,34,158,30.9,42.6,6.86,261.04,mothbeans
92,10,82,31.76,50.24,4.44,230.9,watermelon
89,63,94,35.09,28.24,7.0,174.95,chickpea
114,49,180,39.23,77.52,4.54,121.44,coconut
104,148,31,39.27,60.31,4.27,122.21,cotton
134,68,65,11.96,76.7,7.9,266.24,banana
57,47,186,34.66,39.92,7.83,30.99,wheat
113,19,115,29.39,45.96,4.24,296.64,orange
74,100,137,29.42,46.74,5.77,206.03,orange
119,136,129,13.85,22.06,4.74,210.72,sugarcane
20,67,193,29.51,47.28,5.94,30.64,chickpea
137,34,59,39.47,84.26,7.32,189.55,watermelon
100,64,16,37.35,91.78,7.8,155.74,mungbean
98,7,95,23.17,61.46,6.54,49.62,coconut
35,44,143,11.2,56.44,5.42,97.82,chickpea
95,86,15,20.87,22.47,6.41,269.29,maize
36,75,45,34.79,90.34,5.25,174.0,orange
11,75,166,31.04,21.04,7.64,135.76,lentil
112,46,158,23.78,95.58,7.48,40.35,coffee
12,14,106,11.65,59.14,6.23,219.95,mothbeans
22,104,87,22.81,47.35,5.3,216.8,wheat
98,146,128,24.07,93.94,5.17,191.93,jute
104,25,138,37.86,21.95,4.13,162.87,lentil
29,51,118,29.23,66.51,7.26,141.46,pigeonpeas
16,92,84,19.35,63.91,5.8,186.12,maize
112,149,3,25.76,37.55,5.3,85.35,coffee
61,20,70,11.98,54.31,5.88,283.55,muskmelon
83,50,153,39.18,72.18,7.27,184.86,lentil
111,37,110,20.8,78.17,4.5,107.13,coconut
85,19,49,24.34,20.06,7.43,145.91,pomegranate
140,131,139,20.66,94.95,7.59,245.59,kidneybeans
18,54,94,30.48,33.16,7.79,65.25,pomegranate
99,91,91,29.87,38.69,5.59,101.99,blackgram
139,27,64,31.46,41.08,4.87,210.26,coffee
146,3,46,18.04,23.03,5.49,108.34,grapes
75,149,180,19.47,29.84,5.33,241.9,mungbean
8,75,105,13.76,98.91,4.7,56.53,mungbean
27,66,198,29.67,45.22,6.43,233.55,kidneybeans
127,85,129,11.19,29.22,5.91,39.14,muskmelon
51,90,105,27.93,28.56,7.46,23.53,mango
82,104,23,36.09,77.56,4.13,271.5,apple
110,0,3,36.72,88.37,6.58,182.77,mothbeans
143,71,107,23.47,40.56,7.05,118.51,lentil
116,86,18,23.78,21.67,7.04,85.13,chickpea
68,5,153,12.31,37.85,7.54,192.73,blackgram
98,144,39,30.12,24.52,6.92,162.52,mungbean
139,60,49,34.64,28.27,7.71,297.65,kidneybeans
24,11,170,17.34,54.52,5.33,295.3,grapes
122,5,74,22.64,38.39,6.01,197.81,coconut
52,26,194,35.17,61.28,4.06,144.0,mungbean
143,135,11,36.31,40.28,4.03,157.52,pomegranate
56,123,194,17.3,95.24,4.96,211.09,mango
38,105,26,26.52,92.48,4.4,48.44,chickpea
108,92,112,15.77,65.34,5.04,111.94,wheat
41,108,181,13.06,48.35,4.71,41.08,mango
141,98,193,37.33,50.49,4.11,40.54,coconut
121,141,48,34.62,52.95,7.64,74.83,muskmelon
132,34,143,32.8,78.21,4.03,155.87,blackgram
74,83,129,11.46,56.13,6.94,239.74,mango
145,55,59,35.31,88.54,4.61,155.94,cotton
75,140,181,23.14,95.53,7.65,113.93,mothbeans
8,48,29,20.27,46.88,7.57,43.06,pomegranate
73,45,83,26.39,64.86,6.62,174.08,maize
144,112,165,12.74,27.6,6.69,95.96,wheat
6,135,27,32.7,36.04,4.02,192.18,grapes
140,42,24,27.47,53.08,7.94,293.61,mungbean
136,147,95,15.6,36.5,7.51,51.17,blackgram
26,123,124,15.65,90.12,7.58,79.4,sugarcane
121,96,9,15.53,32.66,6.64,152.47,apple
4,89,187,11.71,56.45,5.38,291.21,banana
28,38,41,27.63,68.46,7.57,236.11,kidneybeans
82,84,39,35.21,75.35,5.17,271.5,orange
135,61,76,10.52,50.65,6.25,113.44,apple
108,105,104,11.47,89.53,4.4,297.77,coconut
64,106,117,27.18,65.47,7.69,48.79,sugarcane
85,53,41,34.58,55.16,4.56,34.83,banana
144,125,46,19.8,25.38,4.9,259.57,mungbean
70,8,164,20.49,57.18,6.23,279.63,grapes
44,87,21,27.89,85.66,7.06,45.36,coconut
131,36,184,18.23,69.16,6.48,51.76,orange
35,48,106,10.8,86.57,4.93,29.29,coffee
69,40,26,32.06,59.52,4.0,49.26,grapes
18,16,40,28.77,29.48,7.03,78.64,mango
107,87,79,27.42,21.09,7.94,291.62,mungbean
90,20,161,32.25,44.26,7.24,207.0,rice
89,50,159,30.26,75.84,5.84,237.99,rice
18,58,88,16.18,83.22,7.62,237.32,cotton
38,40,65,20.57,43.66,5.64,169.82,sugarcane
125,38,11,13.78,59.65,6.1,243.3,watermelon
140,140,167,13.9,53.69,5.91,186.83,muskmelon
125,10,72,30.29,52.84,5.79,108.07,banana
57,146,75,35.76,38.51,7.1,177.11,wheat
147,138,89,38.88,30.91,6.11,169.38,lentil
60,76,9,28.85,35.74,5.27,250.57,orange
126,126,95,15.52,24.43,5.03,294.88,kidneybeans
104,45,175,13.17,35.85,4.15,135.09,cotton
0,44,19,34.39,20.74,6.33,233.75,coconut
130,0,38,27.36,70.18,4.92,47.93,mungbean
91,107,59,28.55,45.31,4.59,237.51,rice
112,18,65,33.44,97.85,6.62,124.0,lentil
55,75,64,31.1,35.5,6.72,31.03,grapes
116,71,178,35.03,47.67,7.01,121.71,wheat
133,108,123,11.69,48.63,6.01,190.98,maize
57,11,163,32.43,20.68,7.58,53.39,maize
43,44,151,35.53,87.14,7.75,278.73,wheat
60,89,154,18.58,22.56,7.23,41.75,muskmelon
46,102,129,29.21,95.21,6.54,280.4,orange
148,7,158,19.42,91.37,5.21,218.0,grapes
79,90,56,38.74,62.84,7.93,112.32,mungbean
117,86,77,11.0,63.49,5.1,129.41,lentil
146,83,193,27.39,72.3,4.81,227.43,mango
19,81,28,15.0,50.96,5.77,188.41,chickpea
145,145,14,31.37,71.78,4.23,208.06,sugarcane
46,67,11,15.28,23.58,7.91,128.97,coffee
48,126,100,17.06,24.32,6.35,156.59,muskmelon
13,81,155,24.83,56.58,6.23,297.16,mungbean
142,146,83,37.45,63.97,6.62,79.9,sugarcane
0,83,124,16.35,91.03,5.99,137.0,rice
116,112,102,14.33,28.37,4.13,101.71,watermelon
53,75,23,32.77,85.81,6.45,234.23,coconut
117,121,148,25.02,36.8,6.86,233.92,apple
2,142,137,37.35,51.53,5.67,101.88,pomegranate
143,40,109,14.4,45.33,7.03,42.79,rice
11,1,77,29.38,52.01,4.91,23.2,pigeonpeas
73,28,100,16.99,32.04,4.89,139.69,chickpea
15,104,145,14.7,60.29,4.65,134.89,orange
101,50,141,30.5,84.13,5.49,296.75,papaya
116,74,161,27.81,55.32,7.39,151.54,jute
7,9,127,32.64,59.25,7.31,91.8,coconut
121,141,57,19.28,87.9,5.53,269.54,coffee
91,50,75,23.44,76.48,6.36,157.5,coffee
89,117,149,22.16,59.24,6.88,187.77,papaya
135,120,197,39.52,40.62,4.96,46.79,apple
59,38,35,18.77,90.79,4.67,127.22,maize
27,27,172,18.84,66.16,7.89,284.38,muskmelon
100,2,163,20.64,37.69,6.47,185.06,grapes
40,83,21,26.94,41.53,7.93,116.46,grapes
144,116,126,17.57,84.25,5.35,195.19,apple
140,1,79,37.46,23.53,6.81,274.92,blackgram
45,92,188,17.97,99.37,4.89,96.72,banana
34,130,99,36.87,30.43,5.04,161.43,blackgram
133,143,183,13.1,83.69,6.05,288.43,coffee
81,93,95,29.7,51.58,5.28,68.27,pomegranate
114,39,160,37.21,59.38,4.67,221.51,sugarcane
46,1,172,15.06,90.45,5.05,192.05,rice
9,80,163,39.05,53.03,4.14,210.31,mango
55,11,147,23.59,63.0,6.82,118.34,lentil
29,64,17,38.37,23.94,5.97,107.89,pigeonpeas
108,54,37,30.3,20.19,4.38,211.58,lentil
4,44,194,19.05,39.58,4.69,80.35,apple
118,100,150,15.65,74.45,4.41,137.5,papaya
32,61,108,19.11,29.7,6.45,72.69,blackgram
117,48,122,12.79,29.1,4.38,22.33,sugarcane
64,126,143,14.32,52.88,7.02,291.62,banana
145,22,186,13.14,71.83,4.08,140.88,cotton
10,37,196,22.69,76.97,5.0,291.42,coconut
84,27,195,33.87,34.28,7.56,59.29,kidneybeans
25,20,148,14.24,26.37,6.87,184.46,cotton
62,106,103,13.91,95.23,4.29,76.27,pomegranate
85,145,197,29.3,40.85,7.28,241.22,wheat
58,98,139,15.92,88.27,5.97,239.44,grapes
26,118,143,12.93,89.08,7.39,51.53,cotton
97,72,80,15.01,81.8,6.4,275.38,watermelon
104,121,86,37.71,33.51,6.73,74.5,jute
98,29,141,34.64,85.74,7.97,191.63,maize
128,107,60,20.62,81.54,4.93,295.98,kidneybeans
148,97,198,29.67,67.74,6.5,267.07,mungbean
54,31,45,26.12,46.98,5.84,287.84,coconut
5,78,31,30.31,41.0,4.16,115.93,orange
94,40,14,30.48,29.75,4.06,49.56,apple
132,62,43,28.86,60.78,4.48,72.74,grapes
101,22,144,17.98,66.82,6.6,160.14,wheat
2,103,168,11.17,48.75,6.27,242.1,wheat
22,74,53,23.67,58.03,6.21,62.04,coffee
52,47,43,36.73,49.08,4.13,204.72,sugarcane
82,56,97,27.08,71.28,5.88,110.6,papaya
144,117,4,34.97,92.1,7.7,115.54,jute
84,99,108,39.75,33.11,5.59,205.34,mango
77,123,26,14.91,50.51,6.5,150.76,sugarcane
109,33,115,30.75,31.27,7.12,247.37,rice
0,6,86,30.23,70.0,7.14,63.66,muskmelon
50,55,103,39.4,78.31,6.08,241.19,chickpea
3,64,122,39.57,94.55,7.43,37.99,mothbeans
112,46,78,30.6,42.31,5.57,74.34,watermelon
31,147,42,17.31,96.02,7.55,203.72,sugarcane
33,18,96,33.96,25.06,4.96,259.38,mothbeans
91,145,30,13.21,68.24,5.12,90.75,rice
94,125,98,33.42,24.57,4.21,111.61,cotton
71,138,16,37.31,91.5,7.18,170.39,mothbeans
38,48,82,21.49,62.38,5.67,79.24,blackgram
117,112,109,28.92,73.55,4.92,247.12,muskmelon
2,37,181,22.9,86.53,4.93,236.62,watermelon
122,63,189,23.13,32.02,7.61,60.68,apple
49,68,31,19.31,23.09,7.34,149.87,cotton
11,135,167,32.86,90.31,6.21,236.95,sugarcane
53,115,140,38.09,45.19,6.46,114.45,apple
132,64,34,38.22,30.32,5.9,197.27,coconut
56,30,132,15.24,57.48,5.57,34.06,wheat
144,131,28,36.24,67.86,7.66,190.43,rice
111,112,69,32.12,22.48,4.5,62.74,kidneybeans
46,108,152,17.59,41.99,5.67,252.56,wheat
84,68,94,12.02,22.62,5.38,119.53,pomegranate
141,119,21,18.04,53.63,5.99,98.84,cotton
65,87,193,37.37,91.61,5.83,255.45,papaya
74,66,172,29.0,98.61,6.08,34.04,maize
102,74,68,31.63,70.96,4.56,131.05,kidneybeans
37,44,88,17.71,32.93,6.05,123.6,muskmelon
49,3,71,31.58,92.47,4.97,99.74,kidneybeans
97,106,128,10.84,61.3,4.74,275.29,apple
81,50,171,21.26,32.3,4.26,230.26,muskmelon
29,49,86,28.8,93.74,7.05,37.9,papaya
78,5,95,14.38,80.6,5.71,220.11,mungbean
90,58,74,34.69,78.54,6.51,167.64,muskmelon
51,124,166,17.05,76.73,6.91,272.24,coffee
78,142,53,29.57,36.03,6.72,107.62,banana
29,29,87,22.16,36.88,5.88,180.77,coconut
105,121,156,27.88,75.06,5.55,160.21,blackgram
50,124,53,13.22,37.58,5.5,157.08,wheat
80,36,15,10.51,55.09,6.56,147.71,rice
132,123,98,37.29,82.56,5.98,77.58,chickpea
28,100,19,18.09,82.72,7.4,231.6,pigeonpeas
131,34,45,34.59,56.26,7.5,146.37,papaya
137,86,194,39.98,83.38,4.68,288.38,mango
144,133,192,16.34,87.09,4.54,93.03,mango
73,17,126,17.96,72.38,6.52,211.17,jute
16,112,57,29.89,38.27,5.2,283.4,coconut
83,28,180,38.96,41.92,4.07,205.77,lentil
68,76,110,37.47,45.19,7.55,263.96,banana
33,58,128,25.09,29.34,4.91,251.69,orange
5,125,80,33.85,41.85,7.72,120.83,apple
52,144,193,14.07,36.76,6.87,188.03,kidneybeans
125,108,156,39.32,56.43,7.05,63.75,pomegranate
42,21,83,38.93,92.68,4.81,169.95,coffee
114,67,69,14.91,28.36,4.94,84.52,muskmelon
110,68,7,18.98,77.62,6.09,228.25,coconut
79,48,28,13.0,74.98,4.69,167.86,chickpea
94,140,111,18.15,27.66,5.22,135.14,jute
117,108,178,34.48,93.81,5.29,95.26,sugarcane
143,85,160,21.35,65.48,4.64,299.64,pigeonpeas
7,52,130,12.65,49.1,4.82,40.08,banana
131,122,187,20.27,80.52,7.15,32.2,wheat
103,86,162,39.44,40.59,4.67,80.83,pigeonpeas
131,130,196,28.89,75.48,4.11,291.9,mungbean
24,41,107,22.48,23.18,6.52,294.19,mothbeans
95,97,108,15.0,87.15,7.9,203.38,grapes
92,108,19,39.59,55.85,5.32,266.43,maize
60,50,72,34.63,70.94,4.47,79.91,coconut
121,84,166,18.44,37.7,6.28,292.17,banana
50,126,3,12.1,74.17,7.63,59.98,cotton
146,20,18,11.7,81.78,7.14,48.32,pigeonpeas
20,43,101,13.61,57.86,6.49,51.42,lentil
4,138,172,27.42,69.42,5.26,180.48,mothbeans
91,102,170,37.86,56.51,6.17,238.67,orange
60,67,140,24.9,91.53,4.36,122.67,coconut
21,128,140,35.29,59.83,6.72,293.81,sugarcane
148,91,187,23.38,87.34,6.9,141.64,blackgram
69,23,184,31.26,84.11,7.86,62.13,mungbean
0,124,85,31.96,52.84,5.04,150.47,pigeonpeas
132,140,51,15.22,38.41,4.07,210.13,muskmelon
11,110,110,20.84,52.49,6.18,253.02,pomegranate
89,97,180,29.12,86.1,6.83,148.46,wheat
45,138,108,12.12,38.21,7.16,186.21,apple
33,16,85,20.85,61.95,4.77,94.86,lentil
77,98,42,26.04,84.49,5.05,200.86,mungbean
44,81,199,39.89,48.28,6.05,296.07,banana
72,103,199,24.24,71.38,5.32,33.74,lentil
25,18,41,34.48,39.65,7.44,268.23,orange
46,84,89,22.96,28.74,5.9,177.44,lentil
120,7,114,33.89,83.55,7.2,90.59,chickpea
55,27,25,27.86,27.92,6.32,287.37,coffee
93,4,150,36.6,41.71,7.09,155.34,blackgram
106,144,42,22.33,88.41,5.33,112.87,coconut
62,100,76,28.13,47.72,7.33,70.82,cotton
47,117,155,28.9,97.84,5.1,88.45,apple
60,146,136,22.52,98.38,6.18,253.2,mungbean
80,63,19,14.33,41.46,4.86,192.03,mungbean
25,90,183,12.81,23.28,5.9,275.71,cotton
35,116,38,10.5,76.41,5.27,84.95,grapes
0,97,178,36.21,56.08,5.07,53.92,chickpea
7,10,11,17.09,28.06,7.87,21.7,mango
112,53,182,16.35,76.6,4.64,162.2,wheat
98,46,10,32.08,22.49,7.15,299.53,blackgram
46,139,153,19.6,89.62,7.94,214.59,grapes
126,148,41,25.18,31.09,4.08,106.35,cotton
55,138,154,14.88,30.18,6.8,265.52,apple
13,4,10,38.79,34.05,5.01,238.88,mungbean
27,19,37,35.55,96.82,4.16,24.32,kidneybeans
77,45,97,35.91,75.45,5.61,248.72,mango
129,11,170,22.2,84.11,7.74,104.15,orange
108,69,18,32.87,51.81,4.05,61.91,rice
13,16,191,14.32,46.91,6.35,83.37,orange
55,114,133,10.26,38.76,6.01,151.2,maize
114,146,173,10.6,58.45,7.49,138.96,mothbeans
6,47,115,27.6,64.15,4.34,100.89,mango
2,107,112,23.66,70.54,6.73,68.22,banana
110,51,169,25.54,40.57,6.72,233.42,jute
106,95,64,10.22,95.89,6.68,297.23,banana
17,69,98,22.68,33.58,7.77,237.78,papaya
37,101,71,31.54,97.25,7.29,102.86,blackgram
114,74,186,23.28,21.19,4.17,88.55,mungbean
14,142,51,31.97,58.49,5.88,80.95,watermelon
118,81,117,16.99,46.67,5.59,58.27,apple
27,91,174,34.39,55.93,5.24,174.37,mango
38,3,119,27.65,65.65,5.81,189.51,lentil
16,134,6,16.32,54.85,5.54,217.54,cotton
85,108,10,17.1,53.19,5.73,210.46,sugarcane
125,47,102,28.84,78.62,7.92,101.85,jute
43,72,60,34.9,74.87,4.35,112.49,apple
24,71,67,22.47,86.66,7.69,210.82,jute
144,115,152,17.75,40.0,5.92,117.85,coconut
12,80,139,36.01,68.76,6.49,79.53,apple
24,80,153,30.08,66.82,7.32,124.81,lentil
67,112,101,23.44,49.58,5.44,96.18,grapes
137,95,109,24.64,58.88,5.72,44.73,pigeonpeas
66,71,139,16.13,45.1,5.64,252.44,coffee
108,146,170,28.8,31.35,5.5,258.87,coconut
145,62,50,20.76,37.1,7.7,81.53,pomegranate
110,37,116,39.87,28.44,7.32,38.14,mungbean
110,66,164,24.41,74.65,4.44,226.87,lentil
33,68,45,24.58,72.86,4.43,79.23,watermelon
110,12,52,26.98,96.05,5.71,130.16,muskmelon
7,30,87,37.5,78.37,4.39,37.96,grapes
112,113,120,34.02,24.16,6.48,83.36,pomegranate
82,21,12,23.53,90.74,4.57,242.01,watermelon
41,92,88,31.56,89.01,6.09,245.23,jute
100,66,124,27.59,55.47,4.03,77.98,sugarcane
5,53,117,24.77,66.87,5.27,114.06,mango
25,137,53,15.77,98.09,6.71,57.59,coconut
63,41,184,23.92,62.58,5.94,40.77,mothbeans
58,63,115,17.37,92.43,7.91,297.81,mango
108,125,117,37.45,26.64,7.5,203.57,wheat
120,20,3,20.06,35.28,5.44,171.79,grapes
32,34,74,38.57,55.26,4.18,234.34,blackgram
149,29,48,25.99,66.78,7.38,255.22,apple
20,56,6,28.95,85.3,7.64,245.88,maize
69,46,109,26.29,99.06,7.28,24.63,coffee
111,18,121,13.88,51.11,4.51,72.31,mungbean
3,113,10,21.27,23.79,7.99,203.37,mango
93,7,91,12.97,84.09,5.03,125.21,mungbean
74,25,181,28.69,68.35,6.9,295.1,coconut
61,112,172,23.41,35.88,7.63,206.31,watermelon
93,70,22,33.34,59.59,4.94,287.83,lentil
94,29,27,16.61,79.38,7.63,76.41,papaya
54,134,110,14.94,81.63,5.24,261.91,banana
136,66,56,22.19,59.97,7.91,109.98,apple
130,64,25,37.8,44.42,5.13,297.08,coconut
30,35,152,31.31,97.9,7.81,64.15,banana
39,24,53,22.57,73.07,4.21,164.58,papaya
35,36,28,25.52,52.66,6.84,242.0,banana
5,0,96,12.53,42.44,6.13,141.14,kidneybeans
65,142,163,39.54,78.49,5.91,151.06,papaya
74,36,13,29.99,39.37,4.89,296.18,coconut
3,140,77,18.56,33.74,6.82,139.09,grapes
78,135,34,27.57,62.39,4.76,189.14,kidneybeans
133,132,29,13.28,43.2,6.21,35.27,pomegranate
117,127,91,38.98,70.31,5.01,255.82,coffee
112,126,16,15.24,29.44,7.82,201.49,pigeonpeas
93,0,194,29.44,72.4,4.11,133.13,chickpea
61,34,157,17.36,42.66,4.8,24.53,apple
78,103,92,31.53,20.02,4.97,185.67,blackgram
135,22,172,33.3,30.15,5.66,23.54,wheat
25,8,78,30.2,94.69,4.93,20.34,mungbean
43,33,109,28.43,89.39,5.97,192.51,coconut
132,127,178,36.77,38.69,7.49,72.92,watermelon
69,3,101,12.36,82.27,6.85,73.73,muskmelon
117,101,105,19.93,68.69,6.32,202.92,orange
67,74,46,17.45,97.67,4.36,35.04,jute
18,98,180,39.64,49.89,6.78,107.75,rice
19,71,63,21.68,74.52,4.67,61.84,mothbeans
112,2,165,31.98,25.08,7.15,182.45,sugarcane
139,141,63,30.54,51.7,5.0,205.29,muskmelon
46,33,86,16.36,97.11,5.67,221.92,mango
0,44,6,17.17,63.12,5.4,91.46,jute
89,60,21,18.44,43.03,7.44,44.99,cotton
141,82,80,22.33,29.62,4.51,42.03,maize
63,122,168,17.03,76.28,6.26,139.32,pigeonpeas
37,101,73,10.59,71.59,4.57,284.84,lentil
36,15,137,36.38,49.92,6.82,80.96,cotton
125,65,184,38.97,96.08,7.62,91.89,watermelon
138,144,134,20.25,21.78,5.74,48.25,papaya
99,118,124,20.16,44.3,5.95,189.56,coffee
76,123,49,10.21,93.69,7.71,210.36,blackgram
2,143,51,30.41,45.67,6.08,200.02,maize
133,101,160,34.76,40.18,5.95,261.12,lentil
9,65,0,14.4,62.74,6.31,156.2,mungbean
4,12,180,14.79,85.9,6.76,57.65,papaya
137,110,187,33.7,28.25,4.43,101.03,apple
129,33,161,28.49,95.44,7.28,205.48,jute
12,38,3,11.35,83.61,5.74,191.67,pigeonpeas
129,135,144,28.68,34.5,4.29,168.68,sugarcane
83,119,131,19.27,76.96,7.14,211.23,muskmelon
64,125,170,21.06,50.8,5.51,198.47,pigeonpeas
62,54,3,33.09,52.18,4.4,266.77,banana
100,26,0,34.33,82.66,6.54,184.08,coffee
72,117,70,22.01,97.02,7.52,238.01,watermelon
16,52,177,38.41,30.13,7.55,89.64,coconut
8,38,188,22.19,53.65,7.83,209.89,chickpea
142,64,34,33.16,58.48,7.47,272.61,wheat
37,144,7,24.52,50.1,4.01,128.01,pomegranate
93,12,151,36.93,49.06,5.52,238.15,mothbeans
94,20,35,37.23,24.18,7.27,222.94,chickpea
48,146,177,12.62,74.84,5.47,36.67,maize
68,52,122,38.09,54.9,6.41,182.82,grapes
61,18,42,34.77,35.58,6.43,56.45,papaya
77,56,26,33.74,85.28,5.46,290.85,maize
116,24,31,16.03,84.2,7.62,247.19,muskmelon
119,30,77,34.15,58.91,6.01,50.72,pigeonpeas
136,80,120,35.5,43.88,5.86,54.09,muskmelon
75,22,145,18.67,71.05,7.99,186.45,jute
34,31,155,38.57,43.05,5.97,116.57,orange
0,73,156,11.5,38.88,4.71,29.77,maize
39,9,15,14.5,78.44,6.05,171.66,papaya
63,53,98,26.13,23.23,7.26,128.6,muskmelon
149,51,46,27.27,27.58,7.11,48.3,cotton
59,147,186,29.35,20.54,7.15,244.54,sugarcane
63,113,30,10.51,32.24,6.83,276.22,chickpea
92,13,3,38.81,25.52,5.02,231.85,pigeonpeas
71,109,164,11.34,99.66,7.45,250.28,banana
10,52,16,14.29,43.1,7.57,80.62,lentil
104,78,38,10.42,31.94,4.78,93.8,pigeonpeas
13,21,47,27.01,39.28,4.52,78.39,rice
59,29,173,37.97,94.89,7.9,234.22,watermelon
29,3,175,29.98,61.61,7.47,285.42,pigeonpeas
34,58,38,34.68,49.19,7.57,220.71,blackgram
4,7,131,10.4,89.87,7.55,266.81,jute
82,11,29,26.26,51.6,6.17,198.84,watermelon
122,118,157,23.79,46.8,6.59,128.54,apple
77,33,21,24.97,36.58,6.18,139.21,mothbeans
61,81,65,12.17,50.22,4.2,41.09,blackgram
131,97,107,30.53,45.33,6.98,28.81,maize
88,126,11,25.1,74.18,6.02,214.73,coconut
41,74,35,32.95,43.17,6.59,142.76,lentil
88,104,17,24.56,66.18,6.01,174.62,pigeonpeas
145,48,89,14.48,25.27,5.97,176.15,pigeonpeas
39,78,180,29.45,35.3,4.69,97.67,coconut
71,92,198,15.17,52.59,5.11,153.25,kidneybeans
38,17,0,36.17,94.96,4.64,151.81,apple
103,95,126,28.39,50.18,4.78,128.76,apple
13,37,185,14.72,73.13,7.89,249.79,apple
31,86,89,38.87,40.41,4.61,146.33,mungbean
124,87,86,25.55,30.16,5.08,189.02,papaya
96,49,89,12.19,24.68,6.36,270.75,wheat
22,7,133,28.8,44.43,6.44,262.55,jute
62,133,69,17.6,32.61,4.62,269.32,rice
142,68,43,34.11,33.92,7.17,95.6,chickpea
144,120,199,34.53,80.86,7.14,29.8,jute
52,63,151,39.37,21.27,4.95,93.1,blackgram
103,138,85,25.06,64.62,5.15,98.04,rice
103,120,18,23.65,50.36,7.75,274.62,mungbean
38,64,100,32.6,60.52,7.3,201.79,mungbean
133,106,145,13.97,65.03,6.79,42.88,blackgram
66,146,94,26.41,45.07,4.33,57.91,coconut
134,136,100,26.39,43.61,5.67,63.59,orange
41,99,29,12.68,78.67,6.24,196.52,banana
14,81,169,22.54,89.7,4.75,225.92,muskmelon
110,142,32,35.6,35.41,5.79,260.7,lentil
32,50,11,35.68,27.81,6.4,283.38,orange
37,140,117,12.98,91.82,5.31,76.48,banana
96,82,93,12.72,47.99,7.12,106.74,mothbeans
32,111,154,17.88,64.11,7.36,87.29,lentil
85,55,166,36.24,48.76,5.29,120.45,papaya
65,144,136,13.87,30.06,7.35,276.11,cotton
9,59,148,31.6,67.15,4.41,181.03,maize
4,119,75,13.03,62.01,7.35,226.69,kidneybeans
122,137,28,28.69,36.24,4.61,157.23,papaya
73,22,160,20.68,56.15,4.33,28.08,rice
96,148,189,33.67,83.76,6.57,37.97,banana
117,12,116,17.01,67.23,5.89,170.62,chickpea
37,100,14,29.18,27.75,7.63,221.26,blackgram
140,23,1,17.07,63.84,5.45,80.29,pigeonpeas
46,107,179,31.41,76.22,5.15,222.13,cotton
108,10,116,36.21,83.42,6.0,246.99,jute
14,16,171,13.8,70.33,5.82,135.33,coffee
135,24,181,36.0,32.21,5.38,229.0,coffee
4,93,17,27.81,76.81,6.77,133.13,pigeonpeas
46,20,2,13.81,74.19,7.04,209.94,banana
67,83,134,22.83,21.95,7.41,233.92,mango
75,139,170,14.83,52.94,7.89,297.74,coffee
129,36,165,31.01,46.64,5.07,116.71,lentil
94,41,164,32.77,73.55,6.86,135.09,jute
114,144,185,13.17,37.29,5.58,66.37,grapes
35,100,160,25.18,67.27,6.71,77.14,coffee
25,47,107,34.44,93.06,5.9,214.15,cotton
42,102,186,38.08,83.82,7.98,276.77,chickpea
26,27,94,25.41,93.72,6.92,130.49,grapes
68,40,121,38.51,98.28,7.81,70.36,coffee
147,98,10,26.07,20.85,7.34,99.83,banana
10,46,67,21.83,69.82,7.61,147.41,banana
73,145,122,35.45,53.03,7.26,101.38,jute
103,104,195,24.79,88.79,5.84,85.4,cotton
37,123,112,24.16,40.15,5.01,226.08,jute
133,12,97,24.71,98.48,5.48,22.2,mungbean
22,140,92,35.4,69.1,4.08,170.98,orange
46,99,21,34.96,83.48,6.1,242.25,apple
89,30,193,22.11,26.85,6.02,94.54,watermelon
45,129,171,20.0,34.68,6.1,188.92,rice
106,15,126,24.76,80.67,7.9,207.29,banana
139,136,133,27.18,21.76,7.65,203.41,grapes
140,72,169,17.15,85.35,4.65,144.84,rice
103,53,24,33.82,21.12,5.48,117.04,maize
110,99,184,24.59,72.57,5.7,254.06,lentil
103,108,84,20.02,49.21,5.44,232.36,grapes
59,86,54,13.2,68.92,7.19,109.95,pigeonpeas
99,136,143,17.17,75.68,6.1,48.85,lentil
67,7,94,38.48,47.4,6.29,40.11,grapes
132,6,141,19.15,28.64,7.41,46.4,pigeonpeas
119,35,166,15.07,25.57,7.22,183.2,muskmelon
36,17,155,23.82,67.11,4.53,34.47,mungbean
71,2,178,19.21,61.65,6.86,114.34,watermelon
126,27,118,11.05,79.38,5.74,230.9,apple
105,69,176,19.69,60.78,5.18,102.42,mothbeans
91,148,8,26.32,53.8,4.2,233.73,maize
30,27,185,26.55,51.85,5.95,228.73,apple
121,53,172,20.7,22.12,5.42,88.83,coconut
136,64,149,23.42,46.84,5.01,224.07,pigeonpeas
50,99,159,38.97,98.08,6.78,229.38,kidneybeans
28,20,196,21.32,89.88,7.08,131.29,watermelon
39,12,196,17.75,46.35,4.98,78.92,mothbeans
40,56,41,17.3,67.02,4.2,165.96,blackgram
10,48,52,23.73,87.78,7.4,277.99,wheat
0,117,186,32.79,55.3,4.04,199.09,chickpea
45,53,73,16.18,21.44,7.75,68.42,kidneybeans
100,137,38,31.28,25.96,6.51,211.17,rice
148,52,121,10.63,60.83,5.29,139.62,maize
89,43,14,22.57,97.56,4.99,185.63,grapes
109,46,198,33.28,75.46,4.04,225.54,lentil
56,52,156,20.16,25.67,4.94,164.19,mango
0,73,122,26.91,35.15,4.55,247.92,pomegranate
62,45,110,16.15,81.71,6.45,222.2,pomegranate
54,12,130,32.26,87.32,4.67,192.22,papaya
114,101,82,11.57,69.42,6.11,62.22,mango
142,23,9,35.58,71.55,6.36,254.07,coffee
148,1,91,15.95,22.27,5.19,282.05,apple
52,80,28,36.23,86.28,4.14,58.35,sugarcane
136,99,34,20.58,83.06,4.15,156.71,mothbeans
56,141,5,31.68,40.72,4.11,92.49,wheat
116,137,139,19.58,76.69,6.96,231.27,wheat
34,130,110,37.18,37.19,5.27,222.06,jute
62,110,37,13.8,23.23,7.19,59.45,wheat
24,101,76,15.36,36.09,5.73,265.57,pomegranate
89,16,92,24.79,34.29,5.81,70.67,muskmelon
74,11,146,12.46,47.02,6.05,243.23,lentil
37,115,66,15.88,53.48,6.85,147.95,wheat
129,23,135,38.31,60.68,5.09,111.92,maize
134,28,7,39.29,58.14,4.49,64.31,papaya
90,121,121,21.29,41.65,6.22,66.93,mango
16,89,83,37.7,22.33,5.31,205.33,chickpea
127,64,174,26.34,68.41,5.77,174.12,mungbean
107,83,131,18.09,51.66,6.59,54.18,lentil
24,118,178,31.07,43.89,5.98,51.56,blackgram
87,15,84,29.77,89.36,6.48,40.25,mothbeans
28,103,194,39.67,79.74,6.18,228.25,rice
62,91,44,17.95,88.62,6.96,219.33,watermelon
149,26,135,30.16,59.6,6.82,36.36,apple
113,133,86,11.56,30.47,6.14,176.88,apple
48,134,15,13.41,75.7,6.72,43.71,kidneybeans
80,32,76,10.12,36.49,7.49,273.05,mothbeans
83,54,194,39.98,55.3,5.73,273.99,muskmelon
104,6,8,34.07,25.2,5.65,215.51,coffee
147,56,59,33.6,86.02,7.06,279.33,blackgram
117,125,77,25.29,30.08,6.33,247.21,rice
85,11,76,19.0,92.25,4.28,251.99,grapes
62,15,70,14.54,89.14,7.57,179.52,papaya
103,42,14,18.54,57.17,4.12,105.7,papaya
48,116,70,21.28,79.55,6.99,80.98,grapes
70,134,101,32.69,69.56,7.04,111.62,coffee
0,110,168,26.19,84.25,7.81,195.98,watermelon
140,50,21,12.32,54.54,4.22,68.34,banana
122,74,151,10.54,82.86,6.39,92.42,mungbean
61,7,112,13.07,57.0,5.71,151.06,papaya
31,44,171,22.31,95.28,5.32,85.25,jute
28,58,0,38.0,58.91,4.36,184.82,coffee
48,131,9,29.12,57.01,6.25,278.49,kidneybeans
29,103,109,34.05,82.81,5.92,229.47,orange
143,97,199,23.99,85.73,4.42,206.6,coconut
18,78,183,20.85,64.36,6.45,183.16,watermelon
17,123,112,13.25,34.38,6.95,156.63,pomegranate
0,3,49,36.28,57.42,7.07,72.24,mothbeans
77,89,11,33.49,97.45,7.62,270.52,papaya
114,103,88,15.04,80.24,5.64,89.59,kidneybeans
112,136,187,25.37,84.89,7.81,45.57,banana
113,118,153,24.62,22.63,7.46,230.0,grapes
62,132,111,28.75,57.43,5.19,69.17,blackgram
131,55,77,38.39,71.73,4.64,124.13,pomegranate
128,95,168,27.39,86.4,5.74,27.92,sugarcane
7,74,163,26.21,23.94,5.61,58.38,banana
54,142,120,11.51,88.2,6.3,68.5,chickpea
102,31,22,11.89,63.87,6.33,35.23,muskmelon
130,27,170,15.62,35.79,7.0,203.86,blackgram
31,21,133,10.97,45.38,6.04,254.36,cotton
9,16,196,32.3,42.55,4.42,124.53,papaya
109,58,170,31.7,62.47,7.43,264.88,jute
123,89,24,14.08,24.13,5.24,79.74,rice
86,105,17,35.08,32.68,7.89,111.11,wheat
54,25,189,14.64,85.02,4.47,62.21,blackgram
31,24,140,19.04,30.61,7.83,193.76,chickpea
134,137,42,17.47,38.67,4.36,137.56,rice
92,44,77,21.17,56.27,4.92,191.72,cotton
7,82,27,17.64,61.37,4.19,233.27,apple
64,10,145,24.67,81.09,6.82,172.8,lentil
56,103,58,22.22,55.79,7.4,195.74,orange
66,67,187,39.6,83.19,5.74,281.87,apple
71,94,62,11.68,69.47,7.71,103.74,sugarcane
53,64,184,14.27,29.05,6.36,120.57,mothbeans
66,48,91,11.58,32.51,6.52,220.96,sugarcane
50,51,178,28.78,54.96,7.38,191.17,mungbean
96,101,55,11.64,51.75,5.19,69.99,wheat
91,56,154,35.09,79.48,5.42,125.32,apple
7,46,159,25.36,66.46,7.62,150.99,blackgram
34,25,110,25.81,51.05,7.6,137.43,pomegranate
95,113,136,26.85,33.66,7.91,69.92,watermelon
87,4,67,15.12,38.15,7.61,278.84,banana
77,83,45,15.93,66.04,4.51,233.45,maize
31,51,66,19.56,53.88,7.29,154.78,mango
119,104,153,27.8,61.19,5.64,210.42,cotton
45,53,135,16.3,33.65,7.96,271.24,cotton
143,14,5,13.49,73.03,5.89,58.13,grapes
141,60,23,39.1,88.2,6.22,90.1,muskmelon
54,121,175,10.66,40.64,6.12,171.96,mango
6,20,93,34.08,59.32,5.29,243.72,grapes
73,45,172,33.64,98.04,4.3,30.15,blackgram
6,133,12,18.92,46.66,7.58,295.53,apple
84,37,196,14.07,67.6,7.21,147.37,chickpea
146,61,24,14.37,27.22,4.56,120.58,grapes
111,85,147,30.92,68.48,7.11,101.96,mango
124,77,117,29.28,27.17,6.5,68.82,coconut
146,45,81,33.48,96.74,5.64,241.64,maize
35,140,110,38.12,77.25,5.02,287.52,rice
28,2,81,30.76,83.05,7.44,135.82,blackgram
81,5,65,14.68,76.33,6.8,286.68,lentil
1,92,44,17.3,67.18,6.19,250.66,blackgram
128,7,113,35.27,55.99,6.44,154.69,jute
46,107,174,16.28,88.67,4.36,208.73,orange
147,74,62,12.18,96.55,5.9,141.8,lentil
10,76,75,31.1,59.92,4.77,176.44,mothbeans
129,49,113,22.08,94.52,4.83,36.25,muskmelon
118,10,110,37.6,66.67,6.65,214.95,sugarcane
139,94,182,29.51,63.07,7.65,34.79,wheat
19,69,146,12.71,56.36,5.62,248.78,grapes
4,15,34,38.44,36.74,4.83,250.99,jute
36,67,52,17.76,20.3,6.59,86.38,coffee
136,98,25,20.12,39.32,7.48,110.63,mango
52,47,13,22.07,60.78,6.99,154.77,grapes
98,63,117,11.54,50.4,7.48,187.07,mungbean
85,89,44,24.9,55.88,6.15,100.46,sugarcane
107,75,171,13.7,98.45,7.01,185.9,papaya
23,138,192,22.03,48.02,4.56,103.38,watermelon
80,100,50,20.52,56.17,5.39,35.54,banana
119,88,170,33.19,30.68,5.56,20.71,watermelon
58,17,118,34.1,23.84,6.05,48.32,orange
127,18,150,14.6,82.03,7.72,241.83,wheat
113,54,183,21.0,65.65,7.5,289.2,jute
114,101,18,21.2,80.86,4.54,139.55,maize
13,117,81,14.54,31.99,4.69,163.55,coconut
8,133,75,33.95,65.75,5.43,61.12,apple
39,3,182,31.22,40.29,5.16,174.29,coffee
24,107,91,15.71,38.24,6.46,60.5,pomegranate
102,114,187,21.0,20.92,7.61,191.14,coffee
21,28,186,13.17,30.43,7.85,281.31,blackgram
3,58,32,28.85,44.74,6.61,74.8,jute
28,124,146,13.64,29.35,7.35,234.08,pigeonpeas
108,97,27,39.58,98.87,6.1,26.58,mungbean
97,16,122,33.42,44.69,4.83,125.14,grapes
36,106,179,21.71,30.43,6.1,51.01,apple
74,42,125,27.36,35.93,6.22,118.69,pigeonpeas
69,79,176,37.34,67.02,6.97,68.59,apple
145,7,36,26.62,25.12,4.88,124.53,muskmelon
127,140,153,15.23,88.99,5.47,136.91,lentil
84,105,98,21.36,96.92,5.46,104.17,coffee
41,7,97,35.29,39.74,7.84,203.85,sugarcane
99,95,126,29.33,56.01,5.78,277.28,mango
40,93,167,29.52,21.77,7.02,132.17,blackgram
33,64,79,36.0,71.26,7.0,73.86,grapes
16,38,37,36.82,53.11,5.06,95.8,pigeonpeas
121,80,76,37.59,41.6,6.29,259.12,watermelon
75,83,125,12.85,36.55,7.58,180.06,apple
86,87,86,26.32,72.32,5.9,147.4,banana
116,85,53,32.22,53.3,7.78,61.9,cotton
105,92,149,32.71,34.37,4.86,145.92,mango
85,85,15,28.2,75.13,4.3,97.98,muskmelon
26,43,27,15.0,65.21,7.57,284.09,wheat
56,136,162,33.92,88.69,7.39,267.54,mango
30,73,187,31.6,29.4,7.97,43.49,lentil
133,35,172,12.58,82.85,6.72,164.66,rice
97,100,45,23.91,73.88,7.75,83.02,chickpea
11,103,71,15.22,29.2,7.31,135.02,mango
52,65,182,20.12,75.59,7.38,265.52,cotton
137,54,84,10.54,55.32,6.28,167.7,grapes
144,90,25,22.01,95.6,5.53,113.58,sugarcane
121,21,84,26.5,31.33,7.74,78.21,mothbeans
45,100,152,28.59,71.43,5.73,244.09,pomegranate
63,120,64,29.9,50.56,6.16,194.87,pomegranate
129,92,133,35.09,96.55,5.78,151.06,apple
53,107,150,16.46,46.4,6.26,80.9,rice
106,140,114,13.61,96.97,5.88,113.59,apple
50,9,63,35.55,92.12,4.19,288.76,kidneybeans
35,8,86,14.7,41.63,7.53,165.63,mothbeans
114,33,170,39.24,84.28,5.78,132.2,coconut
25,128,106,35.28,99.65,6.36,166.0,maize
28,88,150,25.03,40.21,4.56,238.12,papaya
148,92,95,39.44,54.94,4.01,115.23,pomegranate
10,70,157,12.92,61.61,4.98,70.04,kidneybeans
39,66,76,19.09,43.59,6.82,183.78,rice
10,147,145,29.15,21.22,4.4,206.26,muskmelon
112,116,86,20.5,37.61,7.64,219.56,pomegranate
38,93,148,37.85,42.55,4.86,266.96,papaya
53,98,56,11.97,55.49,4.82,123.93,apple
97,112,102,26.48,33.69,4.73,41.1,grapes
54,102,150,27.73,89.86,4.06,288.34,muskmelon
110,90,90,29.58,76.39,7.09,141.8,maize
149,89,44,17.67,26.82,7.5,194.51,cotton
68,16,171,20.94,72.01,6.46,206.57,kidneybeans
55,17,87,35.31,72.29,4.75,173.02,rice
32,115,114,15.85,96.5,5.14,77.47,mungbean
35,92,46,34.81,20.24,5.9,231.44,sugarcane
147,90,167,26.88,39.83,7.82,245.05,banana
80,81,178,32.87,94.22,4.99,174.83,pomegranate
108,67,169,31.41,94.57,6.93,156.8,rice
72,113,134,16.23,77.65,5.76,51.9,banana
39,0,49,27.06,81.26,5.19,43.51,wheat
16,57,175,36.03,27.32,5.82,115.08,pomegranate
128,108,83,22.96,61.11,4.28,107.04,watermelon
60,147,90,39.0,38.53,7.19,287.02,watermelon
103,115,133,23.57,34.5,4.97,239.41,mungbean
41,86,90,14.28,84.82,6.9,204.78,sugarcane
24,9,136,21.68,30.8,4.27,164.94,banana
38,58,108,38.55,57.49,7.82,66.86,coffee
34,40,56,19.59,95.09,4.77,293.97,kidneybeans
130,104,30,36.04,34.87,7.53,125.01,wheat
107,132,20,36.44,98.24,7.24,49.94,maize
101,121,89,20.51,99.54,7.87,158.26,mungbean
97,144,39,12.5,64.45,5.91,264.72,coconut
11,21,111,31.74,33.61,6.91,268.44,watermelon
18,97,44,19.35,45.29,5.48,23.07,coconut
100,67,76,33.49,53.96,4.74,268.16,mungbean
43,138,176,23.28,44.75,5.77,96.02,mango
48,55,86,24.56,42.45,4.66,30.91,chickpea
16,148,147,33.34,97.78,7.93,257.38,muskmelon
73,98,100,21.47,32.27,4.38,261.88,pigeonpeas
56,75,116,23.29,78.67,6.36,186.94,blackgram
54,25,91,21.29,20.03,6.51,180.84,watermelon
46,114,144,21.02,67.69,6.15,247.67,kidneybeans
11,146,27,25.78,93.28,6.65,240.17,mungbean
61,108,168,34.26,43.03,4.46,269.23,mungbean
79,46,193,20.85,34.84,6.22,174.77,papaya
82,70,24,25.73,72.13,5.15,290.94,watermelon
7,39,57,30.12,77.01,7.76,298.92,blackgram
148,132,40,18.08,75.04,7.05,52.63,mango
80,148,133,18.33,45.55,7.89,257.87,pomegranate
117,131,74,38.0,40.18,4.15,159.95,watermelon
24,22,37,31.71,96.47,5.14,128.52,lentil
88,105,133,27.32,93.86,4.78,191.66,mothbeans
11,83,172,29.43,56.59,4.04,35.67,pigeonpeas
142,142,74,10.88,87.7,4.97,161.81,rice
58,115,141,28.54,56.19,6.72,263.85,rice
108,108,65,25.29,53.95,4.92,79.77,cotton
25,135,167,26.37,32.54,6.04,139.39,orange
46,40,2,20.78,54.11,7.55,283.05,banana
31,111,116,12.44,62.99,6.78,140.0,mango
9,146,98,15.8,21.8,5.58,120.34,chickpea
15,111,151,38.52,55.53,5.49,143.35,mothbeans
144,102,18,22.26,82.51,5.82,165.45,banana
25,45,145,24.0,74.4,4.71,196.96,grapes
85,67,191,11.58,70.81,6.54,244.19,banana
134,121,115,11.13,92.76,5.46,146.59,blackgram
13,14,124,31.52,21.44,7.41,248.89,pomegranate
78,128,87,26.14,64.56,7.03,169.44,maize
116,110,34,25.26,82.99,6.44,114.77,wheat
6,23,189,17.29,63.31,5.46,204.23,watermelon
136,26,0,32.34,45.91,4.84,220.96,apple
114,39,152,15.05,30.9,7.1,176.25,orange
71,23,172,15.7,91.01,5.95,35.85,banana
58,23,176,23.82,57.66,4.9,67.57,maize
81,3,125,18.59,90.25,4.78,99.88,wheat
115,66,88,17.42,66.87,4.66,99.14,sugarcane
145,33,143,29.36,73.94,7.11,208.56,pigeonpeas
102,115,146,29.53,84.34,4.92,25.14,apple
16,22,150,34.74,72.73,6.11,231.59,apple
13,108,24,22.53,51.84,5.81,94.3,maize
107,68,15,12.19,61.09,6.32,106.81,apple
44,94,181,18.21,84.24,7.51,167.81,pigeonpeas
97,61,72,39.4,49.89,7.47,80.46,blackgram
130,56,128,27.89,51.05,5.8,267.65,cotton
36,53,41,31.29,27.66,4.06,43.9,watermelon
107,69,146,10.22,93.17,5.71,144.43,pomegranate
38,100,161,25.55,27.28,6.42,257.84,sugarcane
14,56,79,11.13,71.86,6.23,192.44,maize
119,137,103,27.08,53.06,6.61,101.85,chickpea
3,134,182,37.62,52.45,4.62,137.81,papaya
92,102,145,39.05,74.36,6.59,217.87,jute
140,84,33,26.22,25.37,4.73,292.51,maize
15,60,88,23.75,67.5,7.0,270.08,jute
107,2,124,38.35,81.76,5.36,115.88,lentil
125,127,44,30.21,86.26,6.84,299.5,maize
54,85,133,11.95,33.64,4.19,20.98,mungbean
33,46,20,23.97,91.79,5.63,27.74,mungbean
12,75,121,17.21,72.49,6.82,250.68,watermelon
140,37,69,24.09,90.55,4.91,75.85,pigeonpeas
17,140,95,23.66,58.82,7.18,37.02,blackgram
95,86,104,27.46,63.36,6.52,86.4,sugarcane
122,57,47,20.7,93.52,6.35,139.31,coffee
38,49,38,14.93,91.99,5.41,224.56,papaya
45,29,30,25.11,55.85,5.93,194.81,mothbeans
28,100,9,34.91,41.95,6.39,86.53,watermelon
61,24,29,29.92,51.45,5.89,160.92,papaya
15,111,17,20.15,51.02,6.79,279.34,orange
120,125,187,38.07,42.95,5.73,248.2,lentil
9,122,87,37.37,41.49,4.81,110.49,grapes
102,46,124,16.28,88.89,4.86,295.03,apple
83,117,72,11.18,25.59,4.02,218.41,jute
132,38,14,32.24,74.21,5.2,37.49,pomegranate
64,15,3,34.83,33.83,7.0,29.84,pomegranate
2,21,190,39.04,47.56,7.18,67.15,kidneybeans
141,53,167,36.7,24.92,4.81,223.8,mango
119,148,8,28.02,41.6,7.84,71.45,blackgram
67,15,108,25.9,81.47,6.01,163.22,muskmelon
145,58,136,10.84,90.8,7.67,46.11,jute
36,30,153,17.4,37.72,6.83,277.85,sugarcane
72,31,131,23.79,57.08,6.89,116.31,coconut
142,8,15,28.86,57.63,4.34,274.28,muskmelon
48,138,142,26.72,89.89,4.88,284.57,blackgram
120,9,98,32.28,81.02,4.04,21.72,blackgram
87,16,120,18.39,61.05,6.86,149.96,coconut
139,67,51,26.95,73.66,5.38,26.9,lentil
36,47,68,12.64,87.79,7.15,274.43,wheat
60,110,4,22.41,20.76,5.36,165.15,orange
123,122,19,32.5,52.23,7.28,40.98,blackgram
38,148,78,30.8,92.58,4.52,50.88,mango
62,100,145,39.72,79.23,4.69,127.38,muskmelon
45,101,110,18.34,63.43,5.36,283.27,kidneybeans
87,64,1,24.95,62.37,5.63,214.01,mothbeans
10,50,92,19.89,47.82,5.39,262.93,apple
61,35,12,23.22,61.64,7.05,122.61,pigeonpeas
76,80,3,35.71,72.43,4.39,32.1,sugarcane
51,126,169,30.53,53.47,5.4,292.81,grapes
3,87,108,36.47,77.13,7.35,24.81,muskmelon
58,103,73,16.11,88.9,4.27,285.34,orange
71,14,188,36.2,32.37,7.77,123.23,coffee
147,95,94,11.79,56.12,7.95,22.83,cotton
92,122,104,36.66,52.64,4.35,212.96,coffee
62,0,7,19.87,75.0,5.17,294.55,pigeonpeas
53,121,66,19.44,39.99,5.49,290.38,coconut
116,125,190,25.36,71.22,7.11,65.06,mungbean
109,56,109,38.22,90.2,6.38,70.75,chickpea
73,80,8,11.43,53.45,6.58,178.35,grapes
106,72,116,20.57,92.88,7.03,198.45,watermelon
56,140,10,35.7,99.45,4.47,227.04,apple
2,69,98,21.88,28.49,7.33,70.69,grapes
119,5,41,15.97,38.64,6.82,288.52,maize
5,83,140,22.74,96.03,6.31,198.85,watermelon
4,51,163,21.57,96.67,7.56,257.17,cotton
4,2,119,37.46,27.82,6.8,171.22,mungbean
53,80,140,32.86,21.2,4.81,136.0,pigeonpeas
46,62,11,25.15,32.89,5.72,293.61,watermelon
8,48,36,39.65,99.68,5.98,182.99,lentil
98,75,73,23.96,34.4,4.22,262.72,pomegranate
19,111,72,11.75,60.2,7.82,286.92,mungbean
121,108,51,17.87,87.87,4.51,209.1,watermelon
60,64,198,23.08,21.63,6.79,173.7,watermelon
122,80,129,14.71,68.36,6.02,20.98,maize
81,14,55,38.43,42.16,4.1,31.21,orange
61,99,59,33.01,88.99,7.7,76.24,cotton
144,31,22,18.05,42.68,7.41,72.08,kidneybeans
2,95,102,27.72,74.94,6.1,91.33,grapes
12,127,39,31.64,73.94,4.92,105.38,papaya
119,145,63,38.24,37.72,4.49,120.82,chickpea
124,112,84,36.45,22.78,5.45,137.75,coconut
88,82,150,25.46,52.74,5.02,47.68,pigeonpeas
72,42,156,33.24,43.14,6.03,31.86,rice
67,115,178,26.86,84.72,7.87,208.7,lentil
141,77,196,26.58,84.03,6.3,170.45,wheat
100,57,88,13.44,56.56,7.56,144.36,blackgram
97,32,30,13.78,68.52,6.6,197.64,chickpea
10,13,177,25.89,68.34,5.9,251.75,maize
104,131,19,18.07,86.17,7.42,139.75,rice
66,58,182,10.63,54.0,5.89,199.51,mango
122,82,129,31.69,42.04,7.47,287.0,coffee
28,133,152,10.97,41.2,5.17,255.09,grapes
136,120,12,27.86,62.9,4.52,139.28,pomegranate
75,82,121,26.18,55.93,7.42,200.52,orange
8,26,102,39.06,55.21,6.35,69.58,banana
39,79,105,24.53,27.29,7.56,176.95,pigeonpeas
24,133,118,11.91,77.49,7.75,294.77,lentil
4,12,69,26.55,37.1,4.21,165.13,grapes
138,63,194,35.23,35.76,6.0,279.74,cotton
123,146,185,39.91,53.02,5.5,134.05,sugarcane
37,79,98,22.91,38.22,6.5,299.68,banana
71,122,81,19.61,66.71,7.17,182.18,sugarcane
132,42,74,37.2,49.72,5.12,31.84,kidneybeans
89,88,117,15.74,55.91,6.23,184.29,jute
145,147,83,28.46,62.97,6.83,96.88,banana
36,94,191,22.17,36.28,4.54,29.09,lentil
59,1,68,11.23,32.46,7.26,249.84,mungbean
27,119,58,20.42,90.43,6.42,97.2,apple
80,21,187,17.96,54.7,7.8,243.03,sugarcane
113,114,125,30.58,52.97,5.36,100.7,sugarcane
39,56,110,38.46,22.85,4.43,74.41,pigeonpeas
44,71,61,18.04,59.84,6.03,292.7,mothbeans
61,6,143,34.34,64.33,4.34,121.26,coconut
92,118,127,11.66,64.71,7.88,188.39,rice
114,113,104,26.14,76.56,4.15,190.79,apple
66,15,67,12.12,34.2,7.01,176.93,papaya
55,82,14,38.02,40.18,6.1,276.11,wheat
39,71,182,32.99,84.86,5.47,208.84,grapes
97,123,34,29.74,95.77,4.26,133.05,rice
39,112,182,34.72,30.87,6.49,261.47,pomegranate
90,11,13,29.43,59.81,6.34,70.7,mungbean
32,125,176,39.07,37.13,5.12,172.39,pigeonpeas
5,52,101,31.42,24.81,7.64,286.15,grapes
146,74,99,37.74,46.04,5.22,195.11,coffee
79,132,6,25.51,31.5,5.8,248.75,apple
91,26,29,13.51,76.79,6.18,203.0,wheat
96,139,48,25.85,62.7,4.4,255.02,cotton
58,144,143,13.81,31.51,7.73,284.46,coffee
58,133,110,27.77,20.74,5.5,96.42,watermelon
47,96,178,24.47,84.65,4.32,67.51,banana
12,4,71,28.68,34.1,5.55,155.52,coconut
106,56,79,10.3,68.5,6.4,216.52,sugarcane
44,77,82,15.85,46.95,6.05,83.61,maize
88,68,41,24.74,66.84,6.78,21.15,blackgram
99,117,16,38.52,45.25,4.22,116.02,grapes
6,119,190,21.51,26.96,5.14,291.28,mungbean
132,58,172,22.73,37.84,7.28,214.59,mango
44,32,6,31.44,35.04,4.32,132.37,blackgram
57,61,154,28.11,54.24,7.42,73.92,apple
30,49,9,18.97,72.66,4.37,119.71,papaya
22,111,33,22.32,41.1,7.34,67.56,coconut
137,18,35,16.53,20.97,5.44,49.77,kidneybeans
106,122,152,38.98,61.51,6.45,273.89,mango
38,46,5,13.92,68.46,4.61,299.34,apple
81,32,151,21.16,97.03,4.26,65.95,jute
99,140,145,10.78,67.16,4.86,35.27,coffee
1,83,133,16.65,57.69,4.51,112.32,orange
76,134,28,33.41,65.87,5.25,149.26,kidneybeans
11,78,125,16.04,94.23,6.06,77.35,cotton
38,13,152,12.4,86.27,6.36,104.4,wheat
12,146,182,24.23,45.84,7.16,76.24,wheat
45,127,80,10.3,38.98,6.62,236.79,coffee
112,53,173,12.54,41.01,6.44,219.52,wheat
16,147,151,34.23,60.35,5.65,197.79,lentil
103,28,74,33.14,79.52,5.9,128.42,pigeonpeas
97,23,25,37.45,60.26,5.66,274.53,orange
87,81,126,35.64,25.42,7.37,291.47,orange
108,62,114,30.5,77.89,4.92,68.62,maize
69,104,125,11.57,84.48,4.02,82.44,maize
73,56,27,33.49,43.16,6.61,167.18,jute
62,135,130,35.37,73.13,4.81,45.55,sugarcane
59,61,74,33.97,54.13,7.56,142.21,mungbean
78,16,165,25.25,91.13,7.44,182.9,kidneybeans
36,65,188,16.99,87.62,4.31,166.18,grapes
21,5,77,35.36,62.03,4.43,112.65,cotton
147,57,178,31.81,75.32,5.98,171.88,banana
95,68,89,39.42,90.67,6.44,288.46,chickpea
67,61,175,14.67,59.66,5.1,77.68,maize
16,81,20,16.77,45.06,6.87,203.35,apple
11,70,53,16.35,80.29,6.38,32.15,chickpea
149,130,183,33.78,37.61,5.3,38.6,wheat
144,9,102,15.61,51.08,4.1,174.51,muskmelon
137,97,58,12.0,89.26,7.0,49.38,orange
117,88,71,39.96,77.95,4.86,26.26,apple
21,34,178,10.74,52.3,7.34,68.02,cotton
119,1,19,35.06,37.18,5.68,178.16,mungbean
49,123,111,20.96,48.48,6.31,216.94,apple
13,23,58,35.25,42.73,7.49,76.69,pigeonpeas
28,73,70,26.64,34.09,7.45,207.11,maize
124,21,136,37.05,79.47,5.49,71.09,rice
6,38,108,37.79,40.17,4.84,191.77,coffee
28,19,128,10.27,56.33,7.1,135.35,grapes
138,40,156,12.26,50.87,5.73,203.06,apple
32,147,190,17.51,98.57,4.77,298.61,pigeonpeas
133,107,199,30.08,51.29,7.62,282.59,chickpea
110,146,55,36.65,26.4,4.79,21.2,muskmelon
78,83,195,23.8,27.19,4.1,267.92,apple
57,110,34,28.21,67.26,4.08,38.62,banana
25,65,122,15.65,67.95,6.49,286.85,coconut
28,52,130,34.15,53.5,6.65,98.91,papaya
3,33,103,39.02,54.55,5.24,126.97,jute
98,149,6,18.06,24.31,5.28,45.66,lentil
140,66,26,24.84,61.32,5.36,51.44,blackgram
38,133,0,12.58,60.38,6.72,223.49,coffee
14,26,198,26.77,31.96,4.23,284.41,coconut
118,9,171,25.08,28.31,7.72,191.01,coffee
28,72,86,14.33,29.89,4.89,220.44,pigeonpeas
74,95,40,23.26,28.08,8.0,233.35,orange
115,47,122,20.02,68.78,4.69,93.59,pigeonpeas
31,69,74,25.65,35.72,7.09,32.66,watermelon
129,99,41,27.57,40.11,4.89,20.52,mungbean
83,58,116,10.25,33.89,4.32,118.18,lentil
21,1,160,32.83,96.63,7.5,87.61,orange
26,64,177,31.39,88.37,7.44,37.45,chickpea
80,82,62,20.99,38.44,5.61,70.27,blackgram
125,9,164,11.59,46.21,6.81,54.86,coffee
91,52,186,32.65,36.79,6.23,276.17,grapes
20,78,126,38.66,59.35,7.41,59.27,apple
46,58,175,17.2,21.57,5.26,170.54,jute
100,149,132,19.71,73.71,6.09,186.07,pomegranate
83,47,47,15.51,61.85,5.94,172.18,papaya
5,148,2,27.31,91.89,5.42,47.74,chickpea
146,122,115,14.65,33.15,7.57,109.26,mango
130,21,174,20.69,84.33,4.66,34.36,apple
0,99,189,30.91,83.36,4.6,130.79,papaya
57,97,98,26.8,30.17,6.31,72.81,orange
123,24,115,21.59,51.88,6.63,177.26,mungbean
14,27,13,22.61,33.61,4.78,213.99,coconut
63,112,190,26.86,40.38,5.56,168.99,sugarcane
24,44,111,10.18,41.06,7.79,141.59,sugarcane
23,67,60,12.36,64.5,4.99,128.45,blackgram
11,6,158,36.44,52.91,6.67,255.67,orange
17,48,94,12.34,95.82,6.96,81.42,jute
14,136,16,31.2,30.11,5.79,225.58,mungbean
26,82,123,37.6,97.9,7.75,232.1,rice
71,128,23,18.12,38.45,6.95,137.38,blackgram
59,137,115,21.11,81.83,5.83,103.24,coconut
144,72,150,27.07,47.12,6.28,151.75,cotton
92,45,81,36.45,31.45,6.77,46.1,cotton
52,105,49,38.26,88.63,6.37,32.86,pomegranate
7,31,78,32.19,44.71,7.51,51.25,mango
78,5,78,12.6,72.71,5.43,72.4,wheat
26,144,69,30.07,65.32,5.2,161.17,rice
49,73,26,22.31,57.74,4.86,257.76,wheat
130,113,14,24.12,59.67,4.15,85.98,jute
92,26,49,11.47,78.58,4.17,281.85,kidneybeans
23,53,35,15.73,27.02,7.48,287.37,kidneybeans
59,84,7,33.72,73.45,6.71,288.49,lentil
121,126,78,23.62,91.66,6.64,254.52,muskmelon
130,110,130,19.05,24.62,6.46,121.87,wheat
147,14,189,21.52,31.25,7.4,40.35,muskmelon
45,131,46,35.63,77.33,5.92,179.27,mungbean
14,92,104,32.47,54.98,7.48,176.43,mango
16,122,97,18.17,52.28,5.44,257.99,chickpea
125,72,95,13.53,30.96,7.71,298.88,cotton
83,146,188,17.56,60.54,6.79,162.28,lentil
8,91,159,37.62,30.12,5.03,116.66,watermelon
62,16,115,27.45,58.13,6.26,72.05,grapes
116,42,12,26.0,81.09,6.13,21.34,wheat
129,120,0,27.89,40.66,4.55,162.55,mango
87,40,33,20.98,58.46,6.36,175.55,rice
71,38,189,34.21,99.36,5.26,250.98,coconut
138,112,78,25.7,74.93,4.21,161.28,apple
63,110,77,13.5,87.31,7.79,276.61,mango
71,46,120,13.87,53.19,6.57,195.86,pomegranate
20,62,92,26.11,81.43,7.51,255.29,maize
17,109,97,38.1,23.24,6.7,61.52,papaya
63,68,81,19.25,29.83,5.43,259.49,grapes
81,42,198,36.09,36.25,6.05,209.04,wheat
109,33,158,32.92,52.16,6.7,67.67,mothbeans
94,39,191,17.43,87.66,7.84,73.13,mango
31,60,152,11.09,47.7,5.01,279.42,coffee
10,61,37,13.06,72.37,7.5,29.02,kidneybeans
44,57,13,31.85,76.75,7.7,149.51,rice
32,74,135,15.99,66.89,6.68,107.77,banana
101,15,90,21.14,48.58,7.73,206.22,sugarcane
135,81,53,25.05,66.16,5.59,255.1,blackgram
10,93,129,31.76,47.38,7.81,120.91,maize
87,47,100,13.4,26.71,6.81,139.53,maize
40,137,88,22.19,99.42,4.17,294.94,apple
144,81,55,24.55,30.17,7.63,239.5,rice
75,37,93,26.22,25.79,5.94,271.22,kidneybeans
120,126,92,34.55,90.28,5.84,142.85,mothbeans
45,18,83,15.15,44.15,6.27,85.54,jute
79,62,84,34.23,72.02,4.6,135.32,cotton
53,76,188,30.79,46.32,5.88,220.51,watermelon
85,130,21,26.68,51.32,7.32,50.64,cotton
91,101,34,30.99,40.97,4.06,95.73,muskmelon
147,64,15,22.36,47.44,5.09,33.06,mungbean
96,119,49,14.15,52.86,4.01,141.06,mungbean
1,90,121,29.97,77.63,5.66,251.68,papaya
32,7,127,25.74,60.92,6.91,26.91,sugarcane
76,72,112,29.18,95.49,7.2,209.09,maize
115,133,170,20.14,23.35,7.78,281.1,cotton
149,106,16,37.21,60.25,6.43,86.34,muskmelon
102,88,79,27.62,66.74,5.02,214.22,rice
102,38,185,12.56,93.62,7.7,293.03,jute
89,112,129,23.49,23.93,7.1,289.44,orange
121,27,131,32.69,65.88,6.3,85.78,cotton
142,96,84,33.82,88.29,6.78,48.09,grapes
105,36,166,24.84,39.35,7.7,61.52,mango
118,136,93,36.84,90.1,6.85,216.57,wheat
48,81,133,18.03,21.52,5.47,223.21,coffee
103,55,80,22.32,78.6,6.85,208.79,muskmelon
60,84,68,36.96,94.65,4.16,114.1,wheat
122,1,68,36.89,72.58,5.55,67.54,pigeonpeas
133,57,147,30.57,55.12,5.63,182.61,mungbean
8,106,191,35.77,23.59,4.67,155.43,blackgram
5,122,15,12.66,93.61,4.09,224.07,sugarcane
72,113,50,35.95,57.62,4.53,143.58,watermelon
102,106,104,19.62,22.32,6.62,114.82,kidneybeans
40,36,164,15.35,75.19,7.21,102.17,jute
113,78,196,17.18,58.55,7.95,79.21,watermelon
7,91,169,22.54,29.95,5.39,94.41,pomegranate
71,17,184,17.54,37.14,6.4,46.55,coffee
91,97,65,19.62,25.16,7.75,117.12,apple
61,62,8,14.05,65.94,4.67,30.24,banana
83,149,106,18.89,69.76,6.87,72.2,coffee
61,138,99,27.17,60.46,7.02,229.1,watermelon
110,3,85,23.26,85.37,4.36,111.13,watermelon
126,134,63,20.4,88.88,7.44,207.11,maize
6,60,21,32.39,69.25,7.25,220.73,coffee
83,106,161,36.81,21.02,4.13,182.73,grapes
131,53,182,32.7,75.62,4.36,288.44,chickpea
133,87,156,19.96,53.44,4.2,26.0,papaya
57,67,165,32.33,65.24,5.34,226.82,coffee
21,128,109,14.56,71.93,6.04,288.46,kidneybeans
126,54,96,13.91,48.02,6.13,261.44,jute
2,2,17,20.37,93.37,5.07,67.01,jute
126,120,70,34.23,30.72,7.65,111.51,coconut
40,128,192,17.39,73.72,5.47,68.29,apple
105,101,126,11.9,20.35,4.18,188.37,kidneybeans
13,37,96,13.95,93.97,5.2,219.41,coconut
11,84,0,35.76,29.0,6.12,108.78,sugarcane
86,132,131,29.01,27.59,5.63,171.06,muskmelon
11,91,3,17.6,46.64,5.1,213.46,rice
140,20,124,26.66,49.89,4.53,137.98,apple
24,108,81,25.83,37.14,7.28,259.12,muskmelon
44,46,26,29.66,66.81,7.98,236.03,apple
121,83,170,17.0,55.43,5.32,38.11,coffee
146,82,58,35.93,22.73,5.53,193.92,cotton
54,34,31,19.28,45.57,6.47,85.89,rice
99,68,160,30.82,84.83,6.87,176.11,orange
135,128,27,10.48,75.18,5.57,287.93,pigeonpeas
118,139,105,21.18,77.99,7.62,266.14,pigeonpeas
52,26,104,20.55,75.85,6.24,133.26,mungbean
31,55,182,26.3,44.88,5.8,101.62,grapes
50,22,187,12.18,27.97,6.59,85.63,mango
43,20,69,33.7,41.8,7.81,169.1,kidneybeans
81,60,61,16.53,86.54,7.18,51.99,kidneybeans
145,62,33,30.31,98.44,4.16,173.8,sugarcane
149,121,86,34.1,59.51,5.33,20.37,jute
36,51,113,26.86,20.78,5.88,110.68,jute
95,87,105,32.23,31.2,5.26,81.58,mothbeans
55,54,55,29.86,45.77,6.8,291.94,wheat
104,45,112,20.67,66.29,7.31,223.63,muskmelon
58,31,12,34.27,26.01,6.93,117.9,jute
130,54,183,18.84,95.47,7.96,46.0,coconut
34,95,17,27.14,49.21,5.09,164.7,mothbeans
92,132,181,32.36,93.01,7.5,79.77,mango
96,35,112,21.37,82.44,7.07,170.2,watermelon
134,109,170,19.08,80.43,5.45,253.9,papaya
75,105,38,23.78,68.54,6.94,192.42,mango
48,57,188,34.54,70.14,4.42,197.46,wheat
93,38,169,37.9,71.04,7.16,171.49,wheat
23,79,78,26.35,70.3,6.13,279.63,muskmelon
147,96,145,29.84,64.3,5.17,280.93,coconut
36,112,150,37.1,98.91,6.62,163.56,blackgram
3,60,181,12.96,78.58,6.57,105.61,lentil
107,136,29,16.96,82.16,4.84,148.68,pigeonpeas
125,5,97,31.27,89.8,4.12,72.24,pigeonpeas
19,108,57,34.71,37.25,5.73,198.18,mothbeans
49,34,195,35.71,26.7,6.28,160.03,sugarcane
95,38,66,22.45,58.63,7.51,48.92,chickpea
104,149,70,12.68,61.13,7.71,75.34,pigeonpeas
116,117,145,23.13,86.33,6.12,154.3,rice
97,4,105,16.92,55.5,7.02,268.52,banana
65,86,6,18.74,65.67,5.76,178.59,jute
78,75,39,33.17,62.17,6.98,210.83,cotton
5,56,69,12.27,23.06,4.82,114.93,rice
38,126,192,34.83,69.22,5.48,180.0,mungbean
114,28,67,22.83,86.24,6.54,145.27,muskmelon
124,86,48,27.88,32.6,4.07,204.56,orange
11,140,51,12.69,67.55,6.89,34.16,blackgram
130,45,113,20.12,67.49,7.34,158.12,maize
17,115,106,12.69,33.13,5.6,102.88,grapes
39,111,28,38.85,29.88,5.79,111.33,mango
20,44,148,34.22,98.4,7.41,289.06,pigeonpeas
142,144,77,23.79,51.5,7.1,71.15,grapes
98,103,8,16.71,38.19,5.15,107.15,mothbeans
25,84,174,38.0,33.71,5.3,162.77,muskmelon
7,133,75,20.34,73.41,6.72,261.65,sugarcane
99,107,41,14.83,68.76,6.25,136.67,coffee
86,17,178,26.89,71.48,4.65,228.28,jute
41,93,183,38.31,27.04,5.24,259.78,coffee
13,149,178,10.11,91.48,7.6,106.8,banana
77,32,197,17.14,51.14,6.75,129.97,kidneybeans
1,125,127,38.15,45.07,7.94,119.84,rice
118,121,19,15.13,56.99,7.07,253.2,muskmelon
36,137,154,13.4,51.21,7.77,32.42,mango
68,114,165,27.11,89.09,4.86,106.36,lentil
40,27,71,35.86,94.34,7.09,210.23,banana
61,10,64,24.31,44.28,4.08,178.32,pigeonpeas
59,46,181,39.84,89.11,6.68,142.16,wheat
124,126,112,30.38,82.52,5.88,171.19,mungbean
110,146,23,12.22,94.46,5.39,75.32,blackgram
13,117,127,39.78,39.66,7.45,140.6,rice
83,142,174,22.24,66.16,7.42,160.48,rice
129,125,198,18.62,41.96,4.09,272.33,chickpea
69,71,82,26.74,85.93,6.44,93.03,blackgram
144,106,62,19.13,20.43,5.47,262.99,banana
122,136,184,12.59,65.19,5.66,200.39,rice
88,32,182,10.04,47.14,7.33,25.7,watermelon
27,18,59,23.49,45.81,5.24,222.9,rice
65,73,98,35.11,71.59,7.77,29.95,mothbeans
4,97,61,27.17,88.12,4.72,299.27,jute
44,140,29,39.98,68.74,6.65,264.34,mothbeans
46,128,21,18.61,88.25,6.69,103.26,chickpea
30,92,125,18.41,41.17,5.01,92.08,pomegranate
138,47,156,14.79,61.56,5.3,126.8,mango
9,63,168,14.92,56.04,7.34,119.73,pomegranate
117,60,41,18.56,20.93,7.05,124.25,coffee
13,38,97,33.79,64.54,5.32,109.12,maize
79,127,192,37.17,72.92,6.14,193.92,wheat
92,87,30,39.25,67.35,4.25,65.99,coffee
9,25,157,16.97,78.9,4.83,256.87,grapes
75,16,111,36.44,65.71,5.94,247.47,apple
93,70,145,19.85,25.34,4.34,153.42,grapes
104,12,121,13.39,29.32,7.37,258.76,kidneybeans
0,68,16,36.1,67.72,6.87,89.2,kidneybeans
132,25,37,29.08,42.0,7.77,24.92,banana
19,48,141,14.94,26.37,6.77,193.38,sugarcane
7,6,109,22.89,54.37,7.76,148.21,watermelon
0,57,183,18.62,64.35,6.22,178.81,chickpea
56,48,21,32.1,46.3,6.4,271.82,coconut
63,102,194,23.6,77.63,7.91,291.58,coffee
117,52,55,39.68,71.5,6.57,197.65,rice
27,61,118,11.64,46.63,4.12,233.94,pigeonpeas
120,16,146,20.65,80.39,6.9,43.47,orange
106,24,56,24.46,71.9,7.62,65.0,rice
48,130,171,25.09,71.0,7.18,225.3,coconut
119,28,34,19.48,64.27,6.34,140.78,coconut
43,116,113,31.88,20.91,6.69,144.87,kidneybeans
55,25,124,36.24,75.72,7.96,106.41,coconut
110,123,128,38.16,50.08,4.36,190.06,mothbeans
133,143,51,34.15,95.41,6.67,71.85,muskmelon
107,24,84,35.52,85.44,5.13,195.54,kidneybeans
147,53,197,26.52,67.02,6.56,68.66,wheat
113,72,164,34.78,40.17,6.43,37.87,rice
77,119,64,19.11,36.3,4.61,112.5,wheat
129,55,178,21.95,47.23,4.83,84.72,orange
36,64,128,19.51,58.13,6.49,268.92,banana
19,92,20,24.02,43.69,4.51,35.39,orange
25,85,180,18.57,61.19,5.06,69.45,sugarcane
28,79,15,38.85,33.23,7.34,173.64,rice
0,107,122,19.39,98.22,5.31,154.7,lentil
118,117,60,12.94,28.63,5.95,32.84,watermelon
34,82,53,25.8,94.56,7.76,22.03,muskmelon
58,146,167,11.71,93.09,4.91,296.66,wheat
68,14,25,13.32,62.03,5.56,204.47,rice
11,130,79,16.58,77.99,6.43,122.31,maize
19,138,64,23.93,54.88,7.02,151.72,papaya
42,29,99,23.0,70.4,7.61,94.63,papaya
125,56,73,33.99,47.25,7.66,116.56,mothbeans
49,145,191,32.18,44.09,7.11,201.73,cotton
28,127,170,22.79,66.26,4.91,267.19,blackgram
38,47,16,20.01,59.85,4.1,71.56,rice
37,135,120,19.49,66.36,5.54,255.3,muskmelon
83,21,186,33.22,42.93,4.57,54.04,pomegranate
127,5,22,11.56,49.36,6.84,80.2,kidneybeans
125,103,134,10.38,26.71,6.64,30.41,pomegranate
44,35,171,33.87,24.18,4.18,59.43,banana
51,78,180,24.31,40.28,7.35,276.84,pigeonpeas
79,115,70,13.93,25.94,4.99,148.64,lentil
123,56,107,17.07,28.3,5.73,41.75,pigeonpeas
118,48,78,37.98,85.03,6.67,288.72,banana
7,81,161,35.79,23.11,5.72,266.12,chickpea
84,65,45,31.29,72.72,5.77,231.31,kidneybeans
128,76,195,24.47,41.8,4.26,281.37,pomegranate
7,44,77,25.61,89.72,5.61,81.64,mungbean
95,78,15,39.26,58.8,7.06,254.18,rice
101,19,70,38.97,44.45,7.66,213.2,mothbeans
4,122,95,16.46,61.41,5.65,263.53,blackgram
85,66,146,34.33,50.56,5.69,243.14,orange
33,82,1,15.92,65.14,6.81,117.02,wheat
54,2,9,16.41,29.16,7.77,236.83,mungbean
118,63,177,30.28,99.76,5.07,93.49,rice
113,39,124,22.15,54.04,5.76,112.01,lentil
144,58,80,37.95,47.86,7.18,50.21,banana
25,61,139,12.67,76.82,6.44,281.82,coconut
135,131,69,25.35,49.11,4.44,101.48,maize
46,59,149,37.56,86.66,6.51,165.77,sugarcane
112,115,31,37.12,56.34,4.75,129.57,banana
75,74,104,14.7,77.56,6.04,288.78,chickpea
71,121,83,21.0,28.6,6.12,113.81,orange
88,106,128,28.57,87.69,7.5,237.99,pomegranate
45,95,181,14.78,78.86,5.85,259.52,chickpea
32,90,57,39.04,36.94,5.12,141.97,coffee
0,129,197,37.44,31.62,4.92,125.89,chickpea
146,61,145,15.01,45.3,7.5,229.37,jute
30,48,133,13.63,98.09,4.68,275.61,mungbean
141,136,44,12.56,40.55,5.7,231.38,maize
52,91,96,37.28,56.49,4.75,83.6,rice
47,123,22,15.81,22.4,7.09,268.73,mungbean
68,60,22,22.49,51.78,5.9,128.52,cotton
104,47,153,23.47,65.71,5.4,181.34,banana
89,135,134,27.97,96.25,5.44,252.8,sugarcane
62,57,78,12.15,61.34,7.41,72.75,mothbeans
72,100,43,16.8,85.53,6.22,239.66,sugarcane
88,111,26,37.94,63.77,6.87,186.93,kidneybeans
12,61,25,37.25,23.26,7.59,270.14,coconut
72,38,96,33.44,45.2,7.61,68.15,jute
76,57,35,10.58,66.04,5.31,137.79,coconut
67,98,108,19.81,96.05,7.81,253.2,watermelon
97,43,54,28.84,88.73,4.1,25.38,chickpea
124,28,191,18.26,38.27,5.51,51.42,kidneybeans
101,58,184,37.29,37.61,7.58,297.36,blackgram
131,70,68,29.02,36.09,5.1,98.51,papaya
101,91,60,12.16,93.8,5.09,293.15,kidneybeans
18,8,129,37.27,88.21,5.21,71.11,banana
81,126,54,38.73,81.99,6.45,121.11,apple
140,133,121,12.33,51.42,5.75,230.8,chickpea
22,144,96,25.97,60.35,6.91,204.18,mungbean
82,143,79,19.1,57.15,7.58,182.71,maize
108,130,86,21.79,40.27,6.7,168.37,rice
74,20,37,15.39,60.4,4.82,256.16,rice
128,63,118,27.34,22.44,7.73,85.79,mothbeans
87,89,77,38.74,30.54,5.06,143.89,coconut
53,35,156,25.09,90.93,4.6,63.53,mungbean
88,61,153,12.49,80.13,4.36,186.86,wheat
142,75,34,28.6,53.83,6.25,90.15,pigeonpeas
64,12,78,20.21,61.37,4.46,113.48,jute
75,10,66,35.68,49.6,4.56,151.95,papaya
142,53,86,23.04,79.26,5.2,27.5,wheat
148,15,156,15.79,82.73,5.13,45.74,grapes
146,7,33,15.73,81.06,6.42,212.06,rice
59,103,96,33.06,77.81,7.27,140.11,pomegranate
92,58,168,17.97,36.36,7.05,262.14,lentil
48,56,168,33.02,47.04,5.05,214.51,orange
34,39,150,16.18,57.59,4.98,22.27,rice
101,129,70,19.65,46.46,7.86,192.68,rice
10,93,2,23.96,80.4,4.03,46.24,mungbean
98,137,57,38.3,46.35,7.52,238.66,kidneybeans
109,43,31,37.95,31.06,4.8,297.62,sugarcane
73,138,30,16.21,51.92,7.79,168.74,jute
8,79,81,20.75,98.39,5.37,211.18,mango
2,80,42,14.48,38.07,5.76,86.45,apple
84,1,134,25.3,68.97,6.83,142.53,watermelon
25,139,104,23.82,54.64,6.35,259.71,sugarcane
71,114,0,37.02,25.68,5.27,66.88,pomegranate
47,89,60,37.9,59.03,6.22,94.35,watermelon
116,22,13,21.51,76.17,6.92,144.72,mungbean
11,145,179,24.75,61.06,4.17,219.43,kidneybeans
132,61,5,36.89,89.77,4.04,125.25,maize
47,112,102,34.2,43.11,5.83,279.77,wheat
36,127,9,10.11,26.9,4.53,46.45,papaya
43,61,70,19.6,94.93,6.66,123.83,apple
14,37,89,22.65,50.26,4.86,218.51,lentil
42,60,157,16.89,66.11,5.73,83.28,pigeonpeas
86,128,148,15.99,83.36,4.79,203.8,lentil
69,148,125,11.13,45.95,6.19,65.98,blackgram
45,121,187,29.3,77.29,4.46,35.67,wheat
107,109,96,17.88,30.83,4.09,53.88,cotton
122,12,73,11.57,43.3,4.2,280.4,apple
20,99,114,16.93,31.58,7.82,174.49,cotton
106,134,190,34.06,84.9,4.57,242.98,papaya
79,21,169,35.54,37.81,6.83,113.14,kidneybeans
46,73,50,24.49,77.39,4.27,185.94,apple
116,131,191,22.48,95.46,4.43,158.59,kidneybeans
123,22,55,39.34,62.22,6.04,284.81,mothbeans
142,118,40,16.02,63.2,5.86,229.32,chickpea
24,69,31,16.46,56.88,7.81,224.55,papaya
35,83,14,18.76,46.07,7.78,32.98,muskmelon
50,100,61,15.18,58.05,7.12,173.91,blackgram
14,83,154,21.38,68.22,6.41,150.76,papaya
67,27,27,37.33,98.88,5.82,279.8,wheat
20,135,63,28.46,95.02,5.42,92.06,sugarcane
140,0,186,22.36,88.97,7.79,95.55,chickpea
18,62,185,38.03,91.13,6.41,135.18,mothbeans
33,21,129,11.45,57.43,6.32,88.14,coffee
77,69,126,16.31,72.6,4.93,56.17,jute
124,124,35,26.98,91.61,4.19,260.08,wheat
116,148,113,28.47,51.44,7.78,176.32,muskmelon
51,95,198,11.19,96.94,5.25,261.18,mango
26,78,12,22.09,53.26,5.77,252.72,pigeonpeas
34,4,14,29.47,68.09,4.46,98.97,mungbean
135,59,88,30.94,76.78,7.35,173.37,coffee
143,119,187,29.14,96.05,4.11,43.3,muskmelon
105,45,21,19.62,39.57,7.34,276.27,mungbean
145,133,190,12.81,79.69,4.56,133.19,grapes
1,55,73,22.81,61.67,7.55,130.23,chickpea
76,109,24,13.86,41.48,6.92,104.77,sugarcane
131,103,100,38.43,82.13,4.66,148.99,grapes
89,76,175,24.26,64.18,6.26,90.49,chickpea
88,145,170,19.52,72.88,5.25,124.96,maize
93,1,116,32.99,45.83,4.71,243.99,sugarcane
6,7,165,24.94,58.5,7.44,253.59,kidneybeans
94,74,40,19.3,69.39,5.61,105.17,orange
107,124,172,34.36,52.39,5.59,151.32,mothbeans
73,37,87,36.01,35.87,4.68,264.67,banana
38,26,167,30.19,96.93,5.53,34.75,mothbeans
140,19,109,11.41,60.92,7.49,268.96,coffee
70,139,119,26.99,78.71,5.45,81.37,maize
55,42,96,32.9,52.88,7.81,209.99,orange
41,30,144,14.1,48.41,7.79,183.11,chickpea
35,90,56,16.86,52.57,4.58,174.82,mango
83,60,129,36.47,52.74,4.71,260.62,watermelon
117,108,95,10.6,63.53,7.45,48.44,maize
6,90,120,32.58,63.48,5.57,117.17,coffee
53,94,61,24.21,59.77,4.02,170.71,coffee
128,142,136,23.4,30.78,5.1,247.16,pigeonpeas
119,143,67,10.21,59.69,6.39,80.6,pomegranate
105,12,80,34.58,33.53,7.2,244.82,pomegranate
46,112,16,20.79,30.09,4.53,131.9,jute
122,34,116,26.22,94.61,4.44,72.9,lentil
140,148,49,30.32,68.4,7.69,232.52,jute
118,47,111,31.08,72.76,7.0,45.45,grapes
149,34,93,38.68,52.14,6.36,164.13,pomegranate
117,85,167,25.94,92.72,7.08,37.89,mothbeans
20,113,185,21.99,71.03,5.72,119.8,banana
136,99,84,38.61,81.53,7.03,188.3,kidneybeans
25,98,148,29.26,49.48,5.49,175.71,watermelon
8,2,145,18.94,96.8,4.98,133.3,orange
14,84,182,13.79,85.64,6.92,140.13,cotton
9,124,156,35.28,88.32,5.68,83.5,maize
121,137,151,20.87,33.78,7.93,147.65,pomegranate
120,82,73,29.81,41.68,5.4,286.91,chickpea
124,24,108,24.12,42.85,7.69,258.13,mungbean
71,67,144,15.97,41.67,7.73,60.67,mungbean
48,60,17,28.05,88.43,4.97,28.34,rice
90,28,41,11.82,22.55,7.19,281.39,blackgram
36,126,100,22.4,26.09,5.73,167.49,sugarcane
67,18,44,26.4,41.91,7.67,170.59,rice
49,73,81,23.08,35.99,5.8,238.6,blackgram
18,60,16,32.46,38.55,6.98,108.11,watermelon
99,19,72,34.84,83.84,5.87,154.93,watermelon
59,47,13,33.14,65.05,4.91,291.23,maize
88,86,176,11.16,20.46,4.8,208.2,blackgram
145,138,156,15.82,54.35,5.7,63.05,coconut
146,109,131,26.1,52.63,7.02,57.3,pomegranate
68,27,81,38.04,29.12,6.42,77.19,mungbean
48,58,147,35.05,74.09,6.75,234.68,grapes
107,132,119,35.28,76.17,5.13,102.71,coffee
118,50,119,19.1,77.67,5.93,25.99,jute
148,148,46,22.88,78.28,4.18,284.37,muskmelon
149,11,106,24.12,20.0,7.27,67.52,banana
36,49,107,14.72,96.31,7.96,22.68,watermelon
142,131,8,10.93,85.14,5.63,86.4,banana
10,112,78,38.41,92.32,4.04,85.81,maize
137,13,154,17.22,21.25,4.68,138.16,maize
77,31,14,17.2,94.71,6.61,277.71,mango
76,138,18,12.5,84.78,6.45,266.17,muskmelon
1,145,89,37.86,86.98,7.15,147.93,orange
63,54,179,27.39,27.46,5.02,135.05,watermelon
34,119,25,30.01,79.1,7.05,175.4,apple
6,74,153,37.35,96.79,6.75,88.17,blackgram
84,20,153,20.37,74.28,5.29,34.61,wheat
145,132,173,28.65,65.64,6.18,282.98,orange
66,86,91,11.16,95.65,4.59,72.28,pigeonpeas
41,58,176,15.6,55.43,5.81,75.55,mango
117,88,81,34.94,67.94,7.52,152.29,mothbeans
124,149,180,33.0,58.11,5.68,157.65,papaya
23,82,130,20.52,94.63,7.36,25.16,pigeonpeas
45,64,193,21.3,26.09,6.36,61.43,mothbeans
18,63,41,26.01,60.09,4.77,125.88,lentil
67,70,18,10.01,74.96,6.32,211.44,muskmelon
101,3,16,17.24,83.35,6.02,83.96,pomegranate
41,142,160,16.25,66.64,5.59,138.44,orange
31,103,75,17.51,92.71,4.48,176.06,coconut
108,149,176,34.18,95.36,5.67,268.81,mango
35,92,183,18.39,25.15,4.29,111.3,lentil
96,141,62,15.75,52.19,4.4,57.4,muskmelon
130,147,130,25.13,21.88,5.66,157.0,watermelon
72,111,106,35.97,46.35,5.22,229.08,rice
135,118,48,17.24,62.95,7.7,50.76,orange
96,58,54,12.36,92.86,5.5,138.91,rice
122,42,153,20.69,87.72,7.03,24.98,sugarcane
69,11,98,32.43,30.2,6.12,29.4,jute
12,39,199,26.52,27.44,6.82,155.23,coffee
48,117,51,34.5,67.14,5.04,103.5,grapes
59,19,99,38.79,62.57,7.77,256.63,blackgram
129,130,116,33.78,41.31,6.12,188.6,grapes
4,89,117,28.11,91.96,7.33,147.1,apple
26,93,6,24.8,94.19,5.46,134.22,maize
148,12,45,11.2,52.21,4.4,159.23,grapes
7,65,45,39.53,91.22,6.69,31.32,papaya
49,36,99,21.5,50.72,4.03,269.98,chickpea
66,65,143,14.57,78.95,5.9,299.52,grapes
43,35,151,30.0,58.08,4.77,70.82,coconut
124,25,188,18.53,29.81,6.51,53.71,grapes
57,74,53,27.57,94.23,7.92,60.2,coconut
2,107,61,27.6,56.33,5.86,205.09,kidneybeans
85,42,128,23.37,78.76,7.27,205.2,coconut
69,149,48,35.08,49.37,6.03,257.42,papaya
129,147,24,17.95,21.51,5.98,230.51,mothbeans
1,7,9,23.46,28.04,7.72,145.91,coconut
101,28,117,26.13,59.7,7.56,191.6,kidneybeans
34,39,143,29.91,75.2,7.14,212.72,kidneybeans
97,127,185,33.52,46.78,5.19,163.57,wheat
29,83,199,21.84,75.64,6.18,153.18,mungbean
115,115,156,29.38,75.89,4.9,200.63,mungbean
7,143,91,14.52,76.31,5.78,176.09,sugarcane
149,61,133,37.98,59.4,5.94,200.3,apple
43,6,143,21.49,93.19,7.33,191.6,apple
35,44,147,31.89,59.14,7.58,221.38,pigeonpeas
76,87,79,10.61,56.02,5.66,199.98,muskmelon
30,72,70,16.16,35.95,4.07,165.53,sugarcane
46,36,77,24.61,44.61,7.45,210.9,kidneybeans
54,118,42,36.35,23.39,4.7,145.85,wheat
105,56,153,25.82,70.68,6.49,87.67,grapes
120,7,89,37.9,39.88,4.1,20.4,coconut
54,94,77,24.51,44.33,5.6,176.79,mungbean
143,116,198,24.71,81.67,7.94,185.38,mango
11,109,160,13.59,46.18,4.4,292.17,lentil
144,19,25,34.08,39.38,5.69,121.21,orange
143,123,120,17.41,33.52,5.23,130.36,maize
139,52,44,36.99,81.99,7.62,76.5,apple
135,118,62,37.32,30.38,7.48,39.75,mungbean
2,11,194,38.3,56.3,4.95,236.39,papaya
143,16,179,25.61,60.55,4.32,89.91,mungbean
29,63,67,30.31,74.99,6.51,190.49,rice
22,41,153,33.36,70.66,5.35,212.58,chickpea
91,93,1,13.93,84.86,6.69,151.95,jute
114,146,141,28.03,23.58,4.13,265.38,banana
103,10,107,11.03,43.72,4.53,144.26,coffee
117,97,29,24.93,42.41,6.75,99.77,muskmelon
4,70,48,14.65,31.68,4.85,270.88,chickpea
103,107,139,15.49,43.13,7.43,261.24,wheat
107,57,43,20.95,44.78,4.23,65.93,grapes
64,33,160,22.97,61.75,4.86,27.27,kidneybeans
120,19,12,28.7,73.1,7.99,45.2,sugarcane
29,49,77,12.23,50.49,5.73,100.23,coffee
148,101,125,25.11,77.56,6.81,292.23,blackgram
83,137,97,15.48,46.89,4.73,176.38,coffee
149,51,25,27.22,43.22,6.44,124.51,kidneybeans
31,14,148,29.12,63.3,6.9,268.84,papaya
15,83,155,26.7,21.9,5.26,146.88,mungbean
37,130,47,32.15,26.38,7.32,108.27,banana
141,36,167,20.07,53.44,6.41,283.54,kidneybeans
35,125,65,32.95,95.43,5.56,257.86,grapes
113,39,86,22.98,77.72,6.23,256.23,lentil
65,71,78,24.53,27.05,6.31,163.44,lentil
104,39,22,29.44,87.71,4.66,241.04,sugarcane
84,55,80,10.55,78.58,5.61,70.22,jute
1,103,47,29.62,68.88,5.37,180.5,coconut
74,138,123,28.56,85.62,5.6,295.48,chickpea
66,109,129,19.3,52.33,7.04,101.47,mango
54,135,83,12.57,37.72,5.93,242.42,banana
5,92,19,12.73,60.96,7.76,157.33,cotton
149,93,186,37.7,63.91,5.17,31.15,banana
142,55,45,30.68,63.07,5.66,233.65,orange
85,59,130,13.81,65.21,7.15,67.2,jute
59,137,182,20.7,95.9,6.18,196.81,watermelon
100,38,11,27.77,92.18,6.19,43.99,apple
11,27,39,35.07,90.06,4.21,285.12,wheat
48,48,65,11.31,84.11,5.59,101.68,pomegranate
41,124,99,17.1,95.47,5.08,83.41,kidneybeans
81,12,77,36.69,27.88,8.0,56.16,pomegranate
34,35,15,10.27,41.21,5.23,284.88,cotton
133,100,82,16.04,59.6,7.54,219.33,mango
66,25,161,38.77,87.72,6.7,227.67,lentil
79,85,43,28.4,60.41,5.36,159.83,muskmelon
6,3,133,17.85,79.84,6.17,152.92,lentil
13,81,191,12.01,31.12,7.36,50.81,mungbean
72,126,99,10.85,40.19,7.53,176.76,wheat
142,87,21,17.34,78.54,4.64,89.14,mango
148,126,17,36.44,33.18,5.36,293.6,cotton
65,119,11,22.48,48.11,5.34,243.04,wheat
90,21,179,31.61,41.19,4.17,135.64,watermelon
129,129,122,37.55,47.99,6.39,62.38,coffee
19,30,116,22.24,76.67,7.42,239.89,apple
9,118,50,15.74,49.43,5.53,54.18,coconut
24,10,70,25.51,64.42,6.96,73.01,sugarcane
24,45,47,37.24,27.99,6.51,79.23,chickpea
53,95,18,34.13,84.4,5.5,175.93,banana
32,9,5,11.97,49.59,4.56,240.38,sugarcane
94,127,83,30.78,71.88,6.84,108.01,jute
13,98,154,27.16,78.03,7.42,43.71,cotton
64,111,52,37.22,36.77,6.74,150.07,coconut
109,59,106,13.67,90.77,4.07,229.47,blackgram
79,86,100,26.02,69.3,4.86,82.07,cotton
53,144,47,36.38,54.3,4.28,81.58,blackgram
124,64,134,22.3,34.59,6.28,285.22,chickpea
130,56,186,24.46,95.38,7.03,287.16,pomegranate
133,105,68,12.11,80.41,4.44,297.33,grapes
24,8,10,18.34,36.64,7.35,246.14,lentil
140,21,142,19.74,47.02,6.22,72.69,mothbeans
116,140,191,38.35,84.77,6.76,79.35,muskmelon
135,88,130,18.48,75.65,7.89,115.26,apple
148,17,121,23.83,81.26,4.33,109.08,pigeonpeas
24,114,68,30.14,55.3,7.6,287.83,jute
78,144,22,14.87,77.32,4.5,240.94,grapes
67,142,180,24.59,50.92,5.57,222.72,coconut
11,105,36,32.16,36.9,7.41,72.07,maize
31,14,8,36.01,70.61,7.63,274.67,mothbeans
127,62,14,28.79,98.08,6.03,251.8,rice
95,12,130,30.07,44.85,6.38,65.82,muskmelon
91,80,92,13.79,56.88,6.83,263.93,muskmelon
140,31,197,38.37,73.92,7.33,96.23,watermelon
30,136,16,13.98,63.32,4.49,42.64,mungbean
77,39,153,33.24,87.47,7.24,203.91,pigeonpeas
19,147,148,17.94,80.94,5.93,203.07,cotton
145,81,71,38.01,24.66,5.8,46.58,apple
59,76,148,31.6,99.87,5.7,109.28,orange
133,75,120,32.61,80.19,6.04,297.99,banana
92,37,10,16.57,89.11,7.78,209.96,muskmelon
42,70,165,23.29,72.1,6.19,224.42,cotton
129,47,71,28.53,88.5,7.81,79.62,apple
59,17,105,33.1,28.99,4.72,42.06,chickpea
30,143,124,13.12,47.82,6.9,97.53,mothbeans
4,38,34,38.87,90.11,7.25,89.69,jute
9,88,118,36.71,36.13,6.72,85.67,sugarcane
88,61,13,18.11,26.26,6.43,73.97,grapes
129,140,13,34.68,83.05,6.26,180.93,rice
125,108,9,25.55,86.84,7.44,111.87,jute
10,80,139,23.85,33.01,7.29,249.7,watermelon
55,133,37,19.43,88.35,4.49,71.51,maize
82,76,107,27.43,74.94,7.39,150.1,maize
136,89,118,31.9,61.61,5.66,23.82,muskmelon
98,13,33,22.33,86.42,5.01,154.87,papaya
148,94,168,28.88,53.54,7.48,35.63,lentil
72,53,9,30.98,35.52,5.73,293.76,chickpea
114,131,121,31.33,42.79,7.23,241.37,kidneybeans
6,38,144,11.56,60.41,5.05,157.23,muskmelon
79,71,144,35.79,62.51,4.02,44.24,pigeonpeas
143,24,194,23.75,84.45,5.98,185.88,cotton
96,76,189,17.87,83.31,4.4,232.45,cotton
3,119,114,17.25,66.51,7.02,73.4,pigeonpeas
3,52,0,24.49,82.46,5.1,179.1,pomegranate
102,130,11,36.6,35.34,5.77,247.98,apple
39,149,102,21.35,24.01,4.35,235.11,mango
16,95,3,32.49,89.89,5.15,244.84,watermelon
100,71,169,12.9,26.04,7.13,266.21,coffee
102,61,140,24.28,39.74,4.61,282.55,banana
123,5,97,39.75,75.63,6.59,133.55,coconut
51,31,105,33.11,52.76,7.67,179.26,mothbeans
51,98,84,16.32,90.11,6.72,241.38,pomegranate
123,137,120,25.04,43.84,7.24,215.2,cotton
62,130,131,17.01,20.95,4.44,298.75,chickpea
115,75,81,22.29,44.05,5.0,23.83,coffee
61,58,196,33.4,66.25,7.58,119.44,muskmelon
6,30,18,33.14,50.08,6.86,98.69,banana
91,92,129,16.84,62.79,6.56,93.45,coffee
13,68,11,37.67,90.13,6.66,82.31,maize
85,51,80,27.78,93.0,5.66,218.55,wheat
132,88,73,21.4,41.28,4.18,43.73,mothbeans
129,126,97,25.06,56.97,7.14,227.65,orange
61,30,5,28.15,63.93,6.71,214.16,papaya
148,83,135,26.8,95.93,5.89,90.23,kidneybeans
78,126,124,24.59,99.89,7.6,90.79,sugarcane
148,149,50,25.15,38.83,5.34,196.08,lentil
137,131,10,15.29,78.16,5.18,233.41,pomegranate
57,12,190,34.38,50.24,7.49,265.42,jute
119,44,184,26.25,20.65,7.19,258.6,maize
132,126,126,13.93,20.74,6.06,290.17,banana
64,113,139,32.98,56.85,4.52,182.79,banana
12,19,72,37.97,59.07,4.86,274.42,banana
81,80,1,38.42,21.81,6.62,246.38,rice
138,128,7,21.07,74.95,5.54,270.51,watermelon
148,142,138,14.07,43.52,7.35,23.26,rice
51,16,123,25.55,64.79,7.8,290.45,jute
116,57,52,13.38,44.07,7.22,152.59,sugarcane
25,71,9,38.02,33.37,5.51,243.49,lentil
33,108,111,15.51,52.57,7.15,55.62,wheat
51,22,7,17.58,38.58,5.41,130.86,rice
111,71,35,22.2,62.78,4.67,96.01,jute
81,7,105,21.49,35.91,4.13,101.66,coffee
41,58,13,33.84,60.67,5.54,54.51,coffee
20,110,181,23.69,32.59,7.61,245.61,kidneybeans
41,12,85,15.12,73.68,4.96,22.59,rice
140,15,148,18.02,80.32,4.83,107.5,coconut
112,118,49,25.27,28.83,7.88,68.83,pomegranate
104,1,166,14.42,57.42,4.1,184.93,muskmelon
16,144,19,28.35,25.67,7.14,91.19,cotton
119,29,86,26.97,67.85,5.29,92.52,kidneybeans
136,102,134,31.44,41.15,4.15,156.73,cotton
128,12,136,38.13,62.21,7.67,202.75,watermelon
129,95,128,37.37,61.4,4.56,53.97,pigeonpeas
59,93,153,38.38,93.95,6.21,69.14,muskmelon
47,81,165,17.34,63.93,5.1,89.21,muskmelon
28,12,37,13.95,66.64,4.26,292.65,apple
96,93,188,19.07,52.13,4.2,131.2,apple
9,148,43,36.85,95.93,4.46,187.72,kidneybeans
57,111,85,39.16,82.17,4.29,87.63,lentil
20,54,43,35.78,42.83,7.04,157.33,rice
27,80,73,13.3,87.54,5.94,40.75,pigeonpeas
33,115,118,38.42,54.59,5.37,29.73,lentil
7,142,189,22.7,86.29,5.67,151.25,cotton
78,107,121,10.28,85.83,7.72,131.62,pigeonpeas
144,52,133,23.27,35.11,7.64,58.33,kidneybeans
86,127,144,11.38,76.09,6.86,212.53,apple
87,56,50,26.32,43.25,7.54,298.01,maize
68,51,37,20.16,43.8,5.28,130.78,apple
86,136,151,24.2,43.71,5.52,194.88,papaya
100,110,50,28.4,78.05,6.45,289.63,maize
7,0,9,36.06,38.39,6.49,252.83,apple
76,43,119,29.86,20.07,5.93,149.79,rice
86,74,199,23.02,77.22,5.6,226.5,apple
42,97,148,34.58,33.69,7.94,55.88,chickpea
128,8,69,37.17,28.36,7.28,163.39,muskmelon
108,31,84,13.59,39.0,5.74,98.14,banana
16,14,56,25.96,50.39,6.91,65.13,pomegranate
132,139,125,18.54,58.07,5.08,139.36,orange
147,135,38,11.41,23.57,4.4,56.68,kidneybeans
20,71,32,30.06,97.65,5.41,215.72,orange
57,11,186,35.88,77.29,5.61,147.75,kidneybeans
109,64,17,14.89,45.86,4.07,168.72,coconut
138,106,183,34.37,45.5,7.26,60.99,rice
142,41,56,35.6,55.88,5.44,59.14,watermelon
134,114,95,37.43,70.1,6.32,183.36,wheat
27,138,47,17.96,31.71,4.3,295.8,banana
50,102,41,37.12,35.11,4.7,46.95,mungbean
4,94,26,19.62,88.75,7.56,100.0,orange
4,16,73,26.57,40.5,6.43,263.45,kidneybeans
93,84,109,11.52,50.42,7.8,40.24,pomegranate
95,55,179,11.32,89.7,8.0,265.25,orange
7,133,169,31.61,73.05,5.49,166.8,kidneybeans
63,85,31,23.33,47.34,5.2,134.31,coconut
137,101,25,17.69,74.7,7.43,106.71,papaya
37,53,24,15.71,21.57,7.99,103.19,orange
110,114,74,30.1,78.85,6.52,105.62,mothbeans
111,138,22,10.01,58.96,7.18,267.74,mungbean
80,87,56,34.18,85.05,7.13,222.66,mothbeans
135,48,179,12.38,96.37,5.42,207.52,mango
103,148,125,15.74,94.06,6.3,243.65,lentil
72,114,86,21.59,92.74,7.33,91.99,papaya
48,62,30,24.55,60.97,6.75,193.05,maize
35,103,63,20.65,48.81,4.08,148.82,orange
125,82,198,19.62,57.2,5.35,239.08,jute
67,102,32,38.92,75.19,4.58,106.59,rice
77,16,1,29.25,90.72,4.93,200.09,sugarcane
104,5,17,10.7,36.56,7.62,267.02,lentil
121,146,174,22.91,93.46,4.15,132.6,mothbeans
118,27,160,36.25,85.21,4.88,38.65,maize
113,37,83,19.04,98.31,5.24,164.49,mothbeans
9,118,34,12.84,90.42,6.47,116.87,lentil
148,36,178,32.75,42.39,6.14,208.22,chickpea
139,114,113,28.18,28.48,4.87,286.29,apple
90,67,145,27.11,28.98,4.66,155.97,wheat
1,42,109,11.61,43.3,4.95,150.53,muskmelon
117,57,87,14.21,69.13,6.01,203.28,mango
12,12,71,28.68,84.35,5.08,48.98,sugarcane
94,51,124,16.23,91.94,7.79,90.98,blackgram
143,57,29,25.12,69.9,5.86,277.31,mothbeans
31,31,171,26.35,20.45,4.24,207.58,chickpea
31,104,52,18.51,34.91,6.92,23.76,sugarcane
123,82,137,38.45,27.98,5.32,77.3,kidneybeans
10,98,86,35.27,49.07,6.61,211.19,pomegranate
9,103,179,31.67,60.11,5.12,234.03,watermelon
14,27,176,12.34,23.47,6.28,255.16,jute
16,128,138,13.18,47.88,7.09,101.81,wheat
145,47,193,24.78,34.33,7.71,280.69,muskmelon
58,39,185,14.82,71.77,5.04,174.83,mungbean
77,96,163,39.35,57.14,5.34,215.03,mungbean
123,113,160,14.76,59.63,5.86,187.09,blackgram
113,131,174,24.62,54.22,7.71,54.37,pomegranate
21,136,12,20.92,96.48,7.61,289.67,coconut
31,110,39,29.18,37.18,4.36,54.41,coconut
112,143,88,13.87,61.33,4.53,91.37,maize
119,75,67,22.91,78.88,5.98,247.82,muskmelon
148,30,41,18.24,64.55,4.43,193.21,rice
121,118,146,36.63,94.32,5.38,254.68,pomegranate
31,141,93,11.22,50.24,4.59,164.41,mothbeans
118,24,18,37.41,57.09,6.54,125.56,coffee
38,33,185,34.99,27.08,7.8,278.12,grapes
11,66,22,18.93,68.72,7.99,30.15,pomegranate
17,117,53,33.68,43.06,5.5,259.72,mango
148,72,64,10.94,32.82,6.4,84.63,wheat
140,25,139,39.01,63.56,7.43,257.65,mothbeans
148,147,23,25.8,62.58,4.47,58.98,mothbeans
125,103,33,19.1,26.07,6.76,182.46,rice
135,9,52,20.88,75.86,5.64,268.67,mango
45,66,135,11.99,69.9,4.82,152.59,sugarcane
103,4,17,39.68,35.12,5.61,229.04,sugarcane
134,26,56,11.18,57.55,4.3,245.31,pomegranate
85,112,111,29.65,77.63,6.78,226.22,watermelon
149,14,4,23.28,62.35,5.01,279.09,muskmelon
88,104,153,38.47,51.64,5.25,145.11,sugarcane
21,43,157,17.38,45.79,4.48,68.48,wheat
91,25,181,25.96,68.83,7.46,33.39,kidneybeans
28,94,12,24.47,95.13,5.97,89.01,rice
12,83,82,31.09,73.74,6.29,60.1,blackgram
1,139,28,12.04,25.98,6.28,176.23,chickpea
28,131,2,15.81,56.85,5.64,71.78,watermelon
26,86,89,16.44,91.27,4.77,30.9,orange
49,111,103,32.14,27.56,6.98,30.08,maize
94,128,122,15.67,99.11,4.51,252.84,muskmelon
87,88,185,27.2,95.93,4.42,185.61,mothbeans
43,65,75,16.46,26.26,6.84,120.26,pigeonpeas
21,130,129,35.85,94.67,4.84,270.38,watermelon
96,121,107,38.27,49.05,5.23,39.66,coconut
2,148,155,25.55,87.58,5.9,294.49,lentil
117,83,81,20.57,53.47,5.8,192.56,blackgram
18,115,76,17.02,55.27,6.83,71.37,chickpea
22,115,1,11.49,70.74,6.49,210.14,papaya
29,37,126,18.06,81.96,6.58,233.75,blackgram
